"";"study";"condition_arm1";"condition_arm2";"multi_arm1";"multi_arm2";"descr_ig";"descr_cg";"comparison";"outcome_type";"sample";"outcome_domain";"instrument";"rating";"time";"time_weeks";"mean_arm1";"sd_arm1";"n_arm1";"mean_arm2";"sd_arm2";"n_arm2";"baseline_mean_arm1";"baseline_sd_arm1";"baseline_n_arm1";"baseline_mean_arm2";"baseline_sd_arm2";"baseline_n_arm2";"dich";"dich_type";"event_arm1";"event_arm2";"totaln_arm1";"totaln_arm2";"dropout_n_arm1";"dropout_n_arm2";"mean_change_arm1";"mean_change_arm2";"sd_change_arm1";"sd_change_arm2";"n_change_arm1";"n_change_arm2";"other_statistic";"precalc_g";"precalc_g_se";"precalc_log_rr";"precalc_log_rr_se";"year";"comorbid_mental";"format";"format_details";"n_sessions_ig";"country";"age_group";"mean_age";"percent_women";"recruitment";"diagnosis";"target_group";"d1";"d2";"d3";"d4";"d5";"ROB";"itt";"no.arms";"is.multiarm";"full_ref"
"1";"Alavi, 2020";"cbt";"cau";NA;NA;"Computer-based CBT presented through Microsoft PowerPoint and delivered via email";"The control group completed BAIs at the same timepoints; however they did not receive any treatment and were free to quit thestudy at any time to pursue treatment. Any participant who started a new treatment was excluded from the study. Subjects in the control group did not have access or were experiencing a barrier to receiving in-person treatment or were on a wait list.";"PSYvsCTR";"msd";"co";"gen anx";"BAI";"sr";"post";12;25,38;"7.03";"36";"37.1";"6.81";"38";37,66;"7.13";"40";37;"7.13";"40";NA;NA;NA;NA;"40";"40";"4";"2";NA;NA;NA;NA;NA;NA;NA;NA;NA;NA;NA;2020;"n";"gsh";"gsh";"12";"oth";"adul";"31.1";"58.75";"com";"gad";"adul";"some concerns";"some concerns";"low risk";"low risk";"some concerns";"some concerns";0;2;0;"Alavi, N., & Hirji, A. (2020). The Efficacy of PowerPoint-based CBT Delivered Through Email: Breaking the Barriers to Treatment for Generalized Anxiety Disorder. Journal of Psychiatric Practice, 26(2), 89-100. doi:10.1097/PRA.0000000000000455"
"2";"Andersson, 2012";"cbt";"wl";"cbt";"wl";"iCBT (internet-based)";NA;"PSYvsCTR";"msd";"co";"worry";"PSWQ";"sr";"post";8;60,78;"9.83";"23";"62.88";"9.39";"26";67,89;"6.19";"27";68,52;"6.24";"27";NA;NA;NA;NA;"27";"27";"4";"1";NA;NA;NA;NA;NA;NA;NA;NA;NA;NA;NA;2012;"n";"gsh";"gsh";"8";"eu";"adul";"40.130000000000003";"77.77";"com";"gad";"adul";"low risk";"high risk";"some concerns";"low risk";"low risk";"high risk";0;3;1;"Andersson, G., Paxling, B., Roch-Norlund, P., Ostman, G., Norgren, A., Almlov, J., . . . Silverberg, F. (2012). Internet-based psychodynamic versus cognitive behavioral guided self-help for generalized anxiety disorder: a randomized controlled trial. Psychother Psychosom, 81(6), 344-355. doi:10.1159/000339371"
"3";"Andersson, 2012";"dyn";"wl";"dyn";"wl";"IPDT (Internet-based psychodynamic treatment)";NA;"PSYvsCTR";"msd";"co";"worry";"PSWQ";"sr";"post";8;61,88;"7.73";"26";"62.88";"9.39";"26";69,74;"5.56";"27";68,52;"6.24";"27";NA;NA;NA;NA;"27";"27";"1";"1";NA;NA;NA;NA;NA;NA;NA;NA;NA;NA;NA;2012;"n";"gsh";"gsh";"8";"eu";"adul";"40.130000000000003";"77.77";"com";"gad";"adul";"low risk";"high risk";"some concerns";"low risk";"low risk";"high risk";0;3;1;"Andersson, G., Paxling, B., Roch-Norlund, P., Ostman, G., Norgren, A., Almlov, J., . . . Silverberg, F. (2012). Internet-based psychodynamic versus cognitive behavioral guided self-help for generalized anxiety disorder: a randomized controlled trial. Psychother Psychosom, 81(6), 344-355. doi:10.1159/000339374"
"4";"Andersson, 2012";"cbt";"wl";"cbt";"wl";"iCBT (internet-based)";NA;"PSYvsCTR";"msd";"co";"GAD";"GAD-Q-IV";"sr";"post";8;8,53;"2.37";"23";"8.52";"3.7";"26";10,44;"1.0900000000000001";"27";10,82;"1.2";"27";NA;NA;NA;NA;"27";"27";"4";"1";NA;NA;NA;NA;NA;NA;NA;NA;NA;NA;NA;2012;"n";"gsh";"gsh";"8";"eu";"adul";"40.130000000000003";"77.77";"com";"gad";"adul";"low risk";"high risk";"some concerns";"low risk";"low risk";"high risk";0;3;1;"Andersson, G., Paxling, B., Roch-Norlund, P., Ostman, G., Norgren, A., Almlov, J., . . . Silverberg, F. (2012). Internet-based psychodynamic versus cognitive behavioral guided self-help for generalized anxiety disorder: a randomized controlled trial. Psychother Psychosom, 81(6), 344-355. doi:10.1159/000339380"
"5";"Andersson, 2012";"dyn";"wl";"dyn";"wl";"IPDT (Internet-based psychodynamic treatment)";NA;"PSYvsCTR";"msd";"co";"GAD";"GAD-Q-IV";"sr";"post";8;8,34;"3.31";"26";"8.52";"3.7";"26";10,95;"1.1399999999999999";"27";10,82;"1.2";"27";NA;NA;NA;NA;"27";"27";"1";"1";NA;NA;NA;NA;NA;NA;NA;NA;NA;NA;NA;2012;"n";"gsh";"gsh";"8";"eu";"adul";"40.130000000000003";"77.77";"com";"gad";"adul";"low risk";"high risk";"some concerns";"low risk";"low risk";"high risk";0;3;1;"Andersson, G., Paxling, B., Roch-Norlund, P., Ostman, G., Norgren, A., Almlov, J., . . . Silverberg, F. (2012). Internet-based psychodynamic versus cognitive behavioral guided self-help for generalized anxiety disorder: a randomized controlled trial. Psychother Psychosom, 81(6), 344-355. doi:10.1159/000339383"
"6";"Andersson, 2012";"cbt";"wl";"cbt";"wl";"iCBT (internet-based)";NA;"PSYvsCTR";"msd";"co";"gen anx";"BAI";"sr";"post";8;15,09;"6.99";"23";"19.52";"10.34";"26";24,3;"9.1";"27";23,7;"10.61";"27";NA;NA;NA;NA;"27";"27";"4";"1";NA;NA;NA;NA;NA;NA;NA;NA;NA;NA;NA;2012;"n";"gsh";"gsh";"8";"eu";"adul";"40.130000000000003";"77.77";"com";"gad";"adul";"low risk";"high risk";"some concerns";"low risk";"low risk";"high risk";0;3;1;"Andersson, G., Paxling, B., Roch-Norlund, P., Ostman, G., Norgren, A., Almlov, J., . . . Silverberg, F. (2012). Internet-based psychodynamic versus cognitive behavioral guided self-help for generalized anxiety disorder: a randomized controlled trial. Psychother Psychosom, 81(6), 344-355. doi:10.1159/000339389"
"7";"Andersson, 2012";"dyn";"wl";"dyn";"wl";"IPDT (Internet-based psychodynamic treatment)";NA;"PSYvsCTR";"msd";"co";"gen anx";"BAI";"sr";"post";8;15,88;"8.8699999999999992";"26";"19.52";"10.34";"26";25,26;"8.59";"27";23,7;"10.61";"27";NA;NA;NA;NA;"27";"27";"1";"1";NA;NA;NA;NA;NA;NA;NA;NA;NA;NA;NA;2012;"n";"gsh";"gsh";"8";"eu";"adul";"40.130000000000003";"77.77";"com";"gad";"adul";"low risk";"high risk";"some concerns";"low risk";"low risk";"high risk";0;3;1;"Andersson, G., Paxling, B., Roch-Norlund, P., Ostman, G., Norgren, A., Almlov, J., . . . Silverberg, F. (2012). Internet-based psychodynamic versus cognitive behavioral guided self-help for generalized anxiety disorder: a randomized controlled trial. Psychother Psychosom, 81(6), 344-355. doi:10.1159/000339391"
"8";"Bakhshani, 2007";"cbt";"other ctr";NA;NA;NA;"TCA + BZP";"PSYvsCTR";"msd";"co";"gen anx";"HAMA";"sr";"post";8;11,43;"3.3";"7";"9.86";"5.03";"7";20,57;"4.2";"7";26,89;"4.0599999999999996";"7";NA;NA;NA;NA;"7";"7";"0";"0";NA;NA;NA;NA;NA;NA;NA;NA;NA;NA;NA;2007;"n";"ind";"ind";"8";"oth";"adul";"26.67";"30";"clin";"gad";"adul";"some concerns";"high risk";"low risk";"high risk";"some concerns";"high risk";0;2;0;"Bakhshani, N. M., Lashkaripour, K., & Sadjadi, S. A. (2007). Effectiveness of short term cognitive behavior therapy in patients with generalized anxiety disorder. Journal of Medical Sciences, 7(7), 1076-1081. doi:10.3923/jms.2007.1076.1081"
"9";"Bakhshani, 2007";"cbt";"pl";NA;NA;NA;"Placebo";"PSYvsCTR";"msd";"co";"gen anx";"HAMA";"sr";"post";8;11,43;"3.3";"7";"17.920000000000002";"7.92";"6";20,57;"4.2";"7";20,5;"3.99";"6";NA;NA;NA;NA;"7";"7";"0";"1";NA;NA;NA;NA;NA;NA;NA;NA;NA;NA;NA;2007;"n";"ind";"ind";"8";"oth";"adul";"26.67";"30";"clin";"gad";"adul";"some concerns";"high risk";"low risk";"high risk";"some concerns";"high risk";0;2;0;"Bakhshani, N. M., Lashkaripour, K., & Sadjadi, S. A. (2007). Effectiveness of short term cognitive behavior therapy in patients with generalized anxiety disorder. Journal of Medical Sciences, 7(7), 1076-1081. doi:10.3923/jms.2007.1076.1082"
"10";"Barlow, 1992";"cbt";"wl";"ct";"wl";NA;NA;"PSYvsCTR";"msd";"co";"gen anx";"HAMA";"cr";"post";15;11,3;"5";"13";"21.6";"5.4";"10";18,2;"4.8";"13";16,9;"3.8";"10";NA;NA;NA;NA;"17";"20";"4";"10";NA;NA;NA;NA;NA;NA;NA;NA;NA;NA;NA;1992;"n";"ind";"ind";"15";"us";"adul";"40";"43.75";"clin";"gad";"adul";"some concerns";"high risk";"high risk";"high risk";"some concerns";"high risk";0;4;1;"Barlow, D. H., Rapee, R. M., & Brown, T. A. (1992). Behavioral treatment of generalized anxiety disorder. Behavior Therapy, 23(4), 551-570. doi:https://doi.org/10.1016/S0005-7894(05)80221-7"
"11";"Barlow, 1992";"ar";"wl";"ar";"wl";NA;NA;"PSYvsCTR";"msd";"co";"gen anx";"HAMA";"cr";"post";15;11,6;"6.3";"10";"21.6";"5.4";"10";20,2;"3.2";"10";16,9;"3.8";"10";NA;NA;NA;NA;"16";"20";"6";"10";NA;NA;NA;NA;NA;NA;NA;NA;NA;NA;NA;1992;"n";"ind";"ind";"15";"us";"adul";"40";"43.75";"clin";"gad";"adul";"some concerns";"high risk";"high risk";"high risk";"some concerns";"high risk";0;4;1;"Barlow, D. H., Rapee, R. M., & Brown, T. A. (1992). Behavioral treatment of generalized anxiety disorder. Behavior Therapy, 23(4), 551-570. doi:https://doi.org/10.1016/S0005-7894(05)80221-8"
"12";"Barlow, 1992";"other psy";"wl";"other psy";"wl";"ct+ar (this should be considered cbt as well)";NA;"PSYvsCTR";"msd";"co";"gen anx";"HAMA";"cr";"post";15;13;"6.3";"11";"21.6";"5.4";"10";21;"7.9";"11";16,9;"3.8";"10";NA;NA;NA;NA;"12";"20";"1";"10";NA;NA;NA;NA;NA;NA;NA;NA;NA;NA;NA;1992;"n";"ind";"ind";"15";"us";"adul";"40";"43.75";"clin";"gad";"adul";"some concerns";"high risk";"high risk";"high risk";"some concerns";"high risk";0;4;1;"Barlow, D. H., Rapee, R. M., & Brown, T. A. (1992). Behavioral treatment of generalized anxiety disorder. Behavior Therapy, 23(4), 551-570. doi:https://doi.org/10.1016/S0005-7894(05)80221-9"
"13";"Barlow, 1992";"cr";"wl";"ct";"wl";NA;NA;"PSYvsCTR";"msd";"co";"global clin";"ADIS-R";"cr";"post";15;2,7;"1.4";"13";"5.0999999999999996";"1.3";"10";5,4;"0.9";"13";5,3;"1";"10";NA;NA;NA;NA;"17";"20";"4";"10";NA;NA;NA;NA;NA;NA;NA;NA;NA;NA;NA;1992;"n";"ind";"ind";"15";"us";"adul";"40";"43.75";"clin";"gad";"adul";"some concerns";"high risk";"high risk";"high risk";"some concerns";"high risk";0;4;1;"Barlow, D. H., Rapee, R. M., & Brown, T. A. (1992). Behavioral treatment of generalized anxiety disorder. Behavior Therapy, 23(4), 551-570. doi:https://doi.org/10.1016/S0005-7894(05)80221-13"
"14";"Barlow, 1992";"ar";"wl";"ar";"wl";NA;NA;"PSYvsCTR";"msd";"co";"global clin";"ADIS-R";"cr";"post";15;5,2;"1.6";"10";"5.0999999999999996";"1.3";"10";5,5;"1";"10";5,3;"1";"10";NA;NA;NA;NA;"16";"20";"6";"10";NA;NA;NA;NA;NA;NA;NA;NA;NA;NA;NA;1992;"n";"ind";"ind";"15";"us";"adul";"40";"43.75";"clin";"gad";"adul";"some concerns";"high risk";"high risk";"high risk";"some concerns";"high risk";0;4;1;"Barlow, D. H., Rapee, R. M., & Brown, T. A. (1992). Behavioral treatment of generalized anxiety disorder. Behavior Therapy, 23(4), 551-570. doi:https://doi.org/10.1016/S0005-7894(05)80221-14"
"15";"Barlow, 1992";"other psy";"wl";"other psy";"wl";"ct+ar (this should be considered cbt as well)";NA;"PSYvsCTR";"msd";"co";"global clin";"ADIS-R";"cr";"post";15;3,2;"1.7";"11";"5.0999999999999996";"1.3";"10";5,8;"0.8";"11";5,3;"1";"10";NA;NA;NA;NA;"12";"20";"1";"10";NA;NA;NA;NA;NA;NA;NA;NA;NA;NA;NA;1992;"n";"ind";"ind";"15";"us";"adul";"40";"43.75";"clin";"gad";"adul";"some concerns";"high risk";"high risk";"high risk";"some concerns";"high risk";0;4;1;"Barlow, D. H., Rapee, R. M., & Brown, T. A. (1992). Behavioral treatment of generalized anxiety disorder. Behavior Therapy, 23(4), 551-570. doi:https://doi.org/10.1016/S0005-7894(05)80221-15"
"16";"Barlow, 1992";"cr";"wl";"ct";"wl";NA;NA;"PSYvsCTR";"msd";"co";"worry";"% day worrying";"cr";"post";15;31,8;"25.8";"13";"51.3";"30.3";"10";66,2;"23";"13";49,4;"31.2";"10";NA;NA;NA;NA;"17";"20";"4";"10";NA;NA;NA;NA;NA;NA;NA;NA;NA;NA;NA;1992;"n";"ind";"ind";"15";"us";"adul";"40";"43.75";"clin";"gad";"adul";"some concerns";"high risk";"high risk";"high risk";"some concerns";"high risk";0;4;1;"Barlow, D. H., Rapee, R. M., & Brown, T. A. (1992). Behavioral treatment of generalized anxiety disorder. Behavior Therapy, 23(4), 551-570. doi:https://doi.org/10.1016/S0005-7894(05)80221-19"
"17";"Barlow, 1992";"ar";"wl";"ar";"wl";NA;NA;"PSYvsCTR";"msd";"co";"worry";"% day worrying";"cr";"post";15;25,6;"23.4";"10";"51.3";"30.3";"10";58,3;"20.9";"10";49,4;"31.2";"10";NA;NA;NA;NA;"16";"20";"6";"10";NA;NA;NA;NA;NA;NA;NA;NA;NA;NA;NA;1992;"n";"ind";"ind";"15";"us";"adul";"40";"43.75";"clin";"gad";"adul";"some concerns";"high risk";"high risk";"high risk";"some concerns";"high risk";0;4;1;"Barlow, D. H., Rapee, R. M., & Brown, T. A. (1992). Behavioral treatment of generalized anxiety disorder. Behavior Therapy, 23(4), 551-570. doi:https://doi.org/10.1016/S0005-7894(05)80221-20"
"18";"Barlow, 1992";"other psy";"wl";"other psy";"wl";"ct+ar (this should be considered cbt as well)";NA;"PSYvsCTR";"msd";"co";"worry";"% day worrying";"cr";"post";15;44,3;"39.299999999999997";"11";"51.3";"30.3";"10";60,3;"33.200000000000003";"11";49,4;"31.2";"10";NA;NA;NA;NA;"12";"20";"1";"10";NA;NA;NA;NA;NA;NA;NA;NA;NA;NA;NA;1992;"n";"ind";"ind";"15";"us";"adul";"40";"43.75";"clin";"gad";"adul";"some concerns";"high risk";"high risk";"high risk";"some concerns";"high risk";0;4;1;"Barlow, D. H., Rapee, R. M., & Brown, T. A. (1992). Behavioral treatment of generalized anxiety disorder. Behavior Therapy, 23(4), 551-570. doi:https://doi.org/10.1016/S0005-7894(05)80221-21"
"19";"Berger, 2017";"cbt";"wl";NA;NA;"Internet-based self-help programme ‘Velibra’";NA;"PSYvsCTR";"msd";"itt";"worry";"PSWQ";"sr";"post";9;62,8;"1.97";"29";"66.3";"1.97";"29";67,6;"7";"29";66,7;"9.1999999999999993";"29";NA;NA;NA;NA;"29";"29";"NR";"NR";NA;NA;NA;NA;NA;NA;NA;NA;NA;NA;NA;2017;"n";"ush";"ush";"6";"eu";"adul";"NR";"NR";"com";"gad";"adul";"low risk";"low risk";"low risk";"low risk";"low risk";"low risk";1;2;0;"Berger, T., Urech, A., Krieger, T., Stolz, T., Schulz, A., Vincent, A., ... & Meyer, B. (2017). Effects of a transdiagnostic unguided Internet intervention (‘velibra’) for anxiety disorders in primary care: results of a randomized controlled trial. Psychological medicine, 47(1), 67-80."
"20";"Bowman, 1997";"pst";"wl";NA;NA;"self-examination therapy";NA;"PSYvsCTR";"msd";"co";"gen anx";"HAMA";"cr";"post";4;19,53;"8.16";"17";"29.06";"9.34";"18";29,12;"6.4";"17";27,94;"9.65";"18";NA;NA;NA;NA;"19";"19";"2";"1";NA;NA;NA;NA;NA;NA;NA;NA;NA;NA;NA;1997;"n";"ush";"Quote: ""During the calls, he also offered to clarify any questions about SET, but no therapy was provided. Calls were restricted to approximately 5 min.""";"NR";"us";"adul";"42.91";"74";"com";"gad";"adul";"high risk";"high risk";"low risk";"low risk";"some concerns";"high risk";0;2;0;"Bowman, D., Scogin, F., Floyd, M., Patton, E., & Gist, L. (1997). Efficacy of self-examination therapy in the treatment of generalized anxiety disorder. Journal of counseling psychology, 44, 267-273. doi:10.1037/0022-0167.44.3.267"
"21";"Bowman, 1997";"pst";"wl";NA;NA;"self-examination therapy";NA;"PSYvsCTR";"msd";"co";"global clin";"SCL-90-R";"cr";"post";4;68,71;"49";"17";"114.72";"73.180000000000007";"18";124,88;"50.48";"17";128,61;"60.08";"18";NA;NA;NA;NA;"19";"19";"2";"1";NA;NA;NA;NA;NA;NA;NA;NA;NA;NA;NA;1997;"n";"ush";"Quote: ""During the calls, he also offered to clarify any questions about SET, but no therapy was provided. Calls were restricted to approximately 5 min.""";"NR";"us";"adul";"42.91";"74";"com";"gad";"adul";"high risk";"high risk";"low risk";"low risk";"some concerns";"high risk";0;2;0;"Bowman, D., Scogin, F., Floyd, M., Patton, E., & Gist, L. (1997). Efficacy of self-examination therapy in the treatment of generalized anxiety disorder. Journal of counseling psychology, 44, 267-273. doi:10.1037/0022-0167.44.3.267"
"22";"Butler, 1987";"cbt";"wl";NA;NA;"Anxiety management training";NA;"PSYvsCTR";"msd";"co";"gen anx";"HAMA";"cr";"post";12;6,6;"NR";"22";"7.6";"NR";"19";16;"NR";"22";17,4;"NR";"23";NA;NA;NA;NA;"22";"23";"0";"4";NA;NA;NA;NA;NA;NA;NA;NA;NA;NA;NA;1987;"n";"gsh";"gsh";"12";"uk";"adul";"37.4";"64.44";"clin";"gad";"adul";"some concerns";"high risk";"low risk";"low risk";"some concerns";"high risk";0;2;0;"Butler, G., Fennell, M., Robson, P., & Gelder, M. (1991). Comparison of behavior therapy and cognitive behavior therapy in the treatment of generalized anxiety disorder. J Consult Clin Psychol, 59(1), 167-175. "
"23";"Butler, 1987";"cbt";"wl";NA;NA;"Anxiety management training";NA;"PSYvsCTR";"msd";"co";"GAD";"assessor rating";"cr";"post";12;2,6;"NR";"22";"2.7";"NR";"19";5,5;"NR";"22";5,6;"NR";"23";NA;NA;NA;NA;"22";"23";"0";"4";NA;NA;NA;NA;NA;NA;NA;NA;NA;NA;NA;1987;"n";"gsh";"gsh";"12";"uk";"adul";"37.4";"64.44";"clin";"gad";"adul";"some concerns";"high risk";"low risk";"low risk";"some concerns";"high risk";0;2;0;"Butler, G., Fennell, M., Robson, P., & Gelder, M. (1991). Comparison of behavior therapy and cognitive behavior therapy in the treatment of generalized anxiety disorder. J Consult Clin Psychol, 59(1), 167-175. "
"24";"Butler, 1991";"cbt";"wl";"cbt";"wl";NA;NA;"PSYvsCTR";"msd";"co";"gen anx";"HAMA";"cr";"post";12;7,9;"4.8";"19";"13.2";"6";"19";16,4;"4.8";"19";15,4;"3.2";"19";NA;NA;NA;NA;"19";"19";"0";"0";NA;NA;NA;NA;NA;NA;NA;NA;NA;NA;NA;1991;"n";"ind";"ind";"11";"uk";"adul";"35";"58.96";"clin";"gad";"adul";"some concerns";"low risk";"low risk";"low risk";"low risk";"some concerns";0;3;1;"Butler, G., Fennell, M., Robson, P., & Gelder, M. (1991). Comparison of behavior therapy and cognitive behavior therapy in the treatment of generalized anxiety disorder. J Consult Clin Psychol, 59(1), 167-175. "
"25";"Butler, 1991";"bt";"wl";"bt";"wl";"bt+progressive muscolar relaxation";NA;"PSYvsCTR";"msd";"co";"gen anx";"HAMA";"cr";"post";12;12,7;"6.5";"18";"13.2";"6";"19";15,8;"2.7";"19";15,4;"3.2";"19";NA;NA;NA;NA;"19";"19";"1";"0";NA;NA;NA;NA;NA;NA;NA;NA;NA;NA;NA;1991;"n";"ind";"ind";"11";"uk";"adul";"35";"58.96";"clin";"gad";"adul";"some concerns";"low risk";"low risk";"low risk";"low risk";"some concerns";0;3;1;"Butler, G., Fennell, M., Robson, P., & Gelder, M. (1991). Comparison of behavior therapy and cognitive behavior therapy in the treatment of generalized anxiety disorder. J Consult Clin Psychol, 59(1), 167-175. "
"26";"Carl, 2020";"cbt";"wl";NA;NA;NA;NA;"PSYvsCTR";"msd";"itt";"GAD";"GAD-7";"sr";"post";6;9,46;"4.67";"128";"12.66";"4.7";"128";15,6;"2.8";"128";15,6;"3.1";"128";NA;NA;NA;NA;"128";"128";"21";"6";NA;NA;NA;NA;NA;NA;NA;NA;NA;NA;NA;2020;"n";"ind";"ind";"4";"uk";"adul";"30.9";"68";"com";"gad";"adul";"low risk";"low risk";"low risk";"low risk";"low risk";"low risk";1;2;0;"Carl, J. R., Miller, C. B., Henry, A. L., Davis, M. L., Stott, R., Smits, J. A. J., . . . Espie, C. A. (2020). Efficacy of digital cognitive behavioral therapy for moderate-to-severe symptoms of generalized anxiety disorder: A randomized controlled trial. Depression and Anxiety. doi:10.1002/da.23079"
"27";"Carl, 2020";"cbt";"wl";NA;NA;NA;NA;"PSYvsCTR";"msd";"itt";"worry";"PSWQ";"sr";"post";6;62,56;"9.81";"128";"67.66";"7.84";"128";70,8;"6.9";"128";70,9;"5.9";"128";NA;NA;NA;NA;"128";"128";"21";"6";NA;NA;NA;NA;NA;NA;NA;NA;NA;NA;NA;2020;"n";"ind";"ind";"4";"uk";"adul";"30.9";"68";"com";"gad";"adul";"low risk";"low risk";"low risk";"low risk";"low risk";"low risk";1;2;0;"Carl, J. R., Miller, C. B., Henry, A. L., Davis, M. L., Stott, R., Smits, J. A. J., . . . Espie, C. A. (2020). Efficacy of digital cognitive behavioral therapy for moderate-to-severe symptoms of generalized anxiety disorder: A randomized controlled trial. Depression and Anxiety. doi:10.1002/da.23079"
"28";"Cragan, 1984";"cbt";"wl";"ct";"wl";"Anxiety management training";NA;"PSYvsCTR";"msd";"co";"gen anx";"STAI-T";"sr";"post";6;32,23;"7.4";"19";"44.39";"10.56";"17";46,63;"8.58";"19";44,35;"11.23";"17";NA;NA;NA;NA;"20";"21";"1";"1";NA;NA;NA;NA;NA;NA;NA;NA;NA;NA;NA;1984;"n";"grp";"grp";"6";"us";"adul";"34.47";"67.27";"com";"gad";"adul";"high risk";"some concerns";"low risk";"low risk";"some concerns";"high risk";0;3;1;"Cragan, M. K., & Deffenbacher, J. L. (1984). Anxiety management training and relaxation as self-control in the treatment of generalized anxiety in medical outpatients. Journal of counseling psychology, 31(2), 123‐131. Retrieved from https://www.cochranelibrary.com/central/doi/10.1002/central/CN-00216399/full"
"29";"Cragan, 1984";"ar";"wl";"ar";"wl";"Relaxation as Self-Control";NA;"PSYvsCTR";"msd";"co";"gen anx";"STAI-T";"sr";"post";6;37,85;"10.44";"19";"44.39";"10.56";"17";45,42;"9.1999999999999993";"19";44,35;"11.23";"17";NA;NA;NA;NA;"20";"21";"1";"1";NA;NA;NA;NA;NA;NA;NA;NA;NA;NA;NA;1984;"n";"grp";"grp";"6";"us";"adul";"34.47";"67.27";"com";"gad";"adul";"high risk";"some concerns";"low risk";"low risk";"some concerns";"high risk";0;3;1;"Cragan, M. K., & Deffenbacher, J. L. (1984). Anxiety management training and relaxation as self-control in the treatment of generalized anxiety in medical outpatients. Journal of counseling psychology, 31(2), 123‐131. Retrieved from https://www.cochranelibrary.com/central/doi/10.1002/central/CN-00216399/full"
"30";"Dahlin, 2016";"3rd";"wl";NA;NA;"therapist-guided internet-delivered acceptance-based behaviour therapy";NA;"PSYvsCTR";"msd";"co";"GAD";"GAD7";"sr";"post";9;6,9;"3.52";"42";"10.72";"4.2";"43";13,83;"3.66";"52";13,51;"4.1399999999999997";"51";NA;NA;NA;NA;"52";"51";"10";"8";NA;NA;NA;NA;NA;NA;NA;NA;NA;NA;NA;2016;"n";"gsh";"gsh";"7";"eu";"adul";"39.479999999999997";"83.5";"com";"gad";"adul";"low risk";"some concerns";"low risk";"low risk";"low risk";"some concerns";0;2;0;"Dahlin, M., Andersson, G., Magnusson, K., Johansson, T., Sjogren, J., Hakansson, A., . . . Carlbring, P. (2016). Internet-delivered acceptance-based behaviour therapy for generalized anxiety disorder: A randomized controlled trial. Behav Res Ther, 77, 86-95. doi:10.1016/j.brat.2015.12.007"
"31";"Dahlin, 2016";"3rd";"wl";NA;NA;"therapist-guided internet-delivered acceptance-based behaviour therapy";NA;"PSYvsCTR";"msd";"co";"worry";"PSWQ";"sr";"post";9;55,29;"10.02";"42";"63.35";"8.4";"43";66,88;"7.16";"52";67,45;"6.77";"51";NA;NA;NA;NA;"52";"51";"10";"8";NA;NA;NA;NA;NA;NA;NA;NA;NA;NA;NA;2016;"n";"gsh";"gsh";"7";"eu";"adul";"39.479999999999997";"83.5";"com";"gad";"adul";"low risk";"some concerns";"low risk";"low risk";"low risk";"some concerns";0;2;0;"Dahlin, M., Andersson, G., Magnusson, K., Johansson, T., Sjogren, J., Hakansson, A., . . . Carlbring, P. (2016). Internet-delivered acceptance-based behaviour therapy for generalized anxiety disorder: A randomized controlled trial. Behav Res Ther, 77, 86-95. doi:10.1016/j.brat.2015.12.007"
"32";"Dahlin, 2016";"3rd";"wl";NA;NA;"therapist-guided internet-delivered acceptance-based behaviour therapy";NA;"PSYvsCTR";"msd";"co";"gen anx";"BAI";"sr";"post";9;12,67;"8.24";"42";"17.09";"7.78";"43";21,12;"8.81";"52";22,04;"8.1999999999999993";"51";NA;NA;NA;NA;"52";"51";"10";"8";NA;NA;NA;NA;NA;NA;NA;NA;NA;NA;NA;2016;"n";"gsh";"gsh";"7";"eu";"adul";"39.479999999999997";"83.5";"com";"gad";"adul";"low risk";"some concerns";"low risk";"low risk";"low risk";"some concerns";0;2;0;"Dahlin, M., Andersson, G., Magnusson, K., Johansson, T., Sjogren, J., Hakansson, A., . . . Carlbring, P. (2016). Internet-delivered acceptance-based behaviour therapy for generalized anxiety disorder: A randomized controlled trial. Behav Res Ther, 77, 86-95. doi:10.1016/j.brat.2015.12.007"
"33";"Dugas, 2010";"cbt";"wl";"cbt";"wl";NA;NA;"PSYvsCTR";"msd";"itt";"gen anx";"ADIS-IV";"cr";"post";12;1,61;"2.21";"23";"4.78";"2.0699999999999998";"20";5,78;"1.04";"23";5,9;"1.25";"20";NA;NA;NA;NA;"23";"20";"2";"0";NA;NA;NA;NA;NA;NA;NA;NA;NA;NA;NA;2010;"n";"ind";"ind";"12";"can";"adul";"38.5";"66.150000000000006";"clin";"gad";"adul";"low risk";"low risk";"low risk";"low risk";"some concerns";"some concerns";1;3;1;"Dugas, M. J., Brillon, P., Savard, P., Turcotte, J., Gaudet, A., Ladouceur, R., . . . Gervais, N. J. (2010). A randomized clinical trial of cognitive-behavioral therapy and applied relaxation for adults with generalized anxiety disorder. Behav Ther, 41(1), 46-58. doi:10.1016/j.beth.2008.12.004"
"34";"Dugas, 2010";"ar";"wl";"ar";"wl";"applied relaxation";NA;"PSYvsCTR";"msd";"itt";"gen anx";"ADIS-IV";"cr";"post";12;2,55;"2.58";"22";"4.78";"2.0699999999999998";"20";5,36;"1.26";"22";5,9;"1.25";"20";NA;NA;NA;NA;"22";"20";"5";"0";NA;NA;NA;NA;NA;NA;NA;NA;NA;NA;NA;2010;"n";"ind";"ind";"12";"can";"adul";"38.5";"66.150000000000006";"clin";"gad";"adul";"low risk";"low risk";"low risk";"low risk";"some concerns";"some concerns";1;3;1;"Dugas, M. J., Brillon, P., Savard, P., Turcotte, J., Gaudet, A., Ladouceur, R., . . . Gervais, N. J. (2010). A randomized clinical trial of cognitive-behavioral therapy and applied relaxation for adults with generalized anxiety disorder. Behav Ther, 41(1), 46-58. doi:10.1016/j.beth.2008.12.004"
"35";"Dugas, 2010";"cbt";"wl";"cbt";"wl";NA;NA;"PSYvsCTR";"msd";"itt";"worry";"PSWQ";"sr";"post";12;51,13;"9.8699999999999992";"23";"58.8";"9.1300000000000008";"20";61,65;"8.27";"23";57,34;"9.7799999999999994";"20";NA;NA;NA;NA;"23";"20";"2";"0";NA;NA;NA;NA;NA;NA;NA;NA;NA;NA;NA;2010;"n";"ind";"ind";"12";"can";"adul";"38.5";"66.150000000000006";"clin";"gad";"adul";"low risk";"low risk";"low risk";"low risk";"some concerns";"some concerns";1;3;1;"Dugas, M. J., Brillon, P., Savard, P., Turcotte, J., Gaudet, A., Ladouceur, R., . . . Gervais, N. J. (2010). A randomized clinical trial of cognitive-behavioral therapy and applied relaxation for adults with generalized anxiety disorder. Behav Ther, 41(1), 46-58. doi:10.1016/j.beth.2008.12.004"
"36";"Dugas, 2010";"ar";"wl";"ar";"wl";"applied relaxation";NA;"PSYvsCTR";"msd";"itt";"worry";"PSWQ";"sr";"post";12;52,16;"8.0399999999999991";"22";"58.8";"9.1300000000000008";"20";58,01;"5.51";"22";57,34;"9.7799999999999994";"20";NA;NA;NA;NA;"22";"20";"5";"0";NA;NA;NA;NA;NA;NA;NA;NA;NA;NA;NA;2010;"n";"ind";"ind";"12";"can";"adul";"38.5";"66.150000000000006";"clin";"gad";"adul";"low risk";"low risk";"low risk";"low risk";"some concerns";"some concerns";1;3;1;"Dugas, M. J., Brillon, P., Savard, P., Turcotte, J., Gaudet, A., Ladouceur, R., . . . Gervais, N. J. (2010). A randomized clinical trial of cognitive-behavioral therapy and applied relaxation for adults with generalized anxiety disorder. Behav Ther, 41(1), 46-58. doi:10.1016/j.beth.2008.12.004"
"37";"Dugas, 2003";"cbt";"wl";NA;NA;NA;NA;"PSYvsCTR";"msd";"itt";"gen anx";"ADIS-IV";"cr";"post";14;3,4;"1.78";"25";"5.3";"1.1399999999999999";"27";6,36;"1.19";"25";5,82;"1.04";"27";NA;NA;NA;NA;"25";"27";"2";"2";NA;NA;NA;NA;NA;NA;NA;NA;NA;NA;NA;2003;"n";"grp";"grp";"14";"can";"adul";"41.2";"71.150000000000006";"com";"gad";"adul";"some concerns";"low risk";"low risk";"low risk";"some concerns";"some concerns";1;2;0;"Dugas, M. J., Ladouceur, R., Leger, E., Freeston, M. H., Langlois, F., Provencher, M. D., & Boisvert, J. M. (2003). Group cognitive-behavioral therapy for generalized anxiety disorder: treatment outcome and long-term follow-up. J Consult Clin Psychol, 71(4), 821-825. "
"38";"Dugas, 2003";"cbt";"wl";NA;NA;NA;NA;"PSYvsCTR";"msd";"itt";"worry";"PSWQ";"sr";"post";14;49,08;"12.18";"25";"60.04";"8.75";"27";62,56;"9.5";"25";62,22;"7";"27";NA;NA;NA;NA;"25";"27";"2";"2";NA;NA;NA;NA;NA;NA;NA;NA;NA;NA;NA;2003;"n";"grp";"grp";"14";"can";"adul";"41.2";"71.150000000000006";"com";"gad";"adul";"some concerns";"low risk";"low risk";"low risk";"some concerns";"some concerns";1;2;0;"Dugas, M. J., Ladouceur, R., Leger, E., Freeston, M. H., Langlois, F., Provencher, M. D., & Boisvert, J. M. (2003). Group cognitive-behavioral therapy for generalized anxiety disorder: treatment outcome and long-term follow-up. J Consult Clin Psychol, 71(4), 821-825. "
"39";"Dugas, 2022";"cbt";"wl";NA;NA;"Behavioral Experiments for Intolerance of Uncertainty";NA;"PSYvsCTR";"msd";"co";"gen anx";"ADIS-IV";"cr";"post";12;2,46;"1.41";"23";"5.17";"0.97";"27";5,48;"0.83";"30";5,47;"0.91";"30";NA;NA;NA;NA;"30";"30";"7";"3";NA;NA;NA;NA;NA;NA;NA;NA;NA;NA;NA;2022;"n";"ind";"ind";"12";"can";"adul";"34.6";"85";"com";"gad";"adul";"some concerns";"some concerns";"some concerns";"low risk";"low risk";"some concerns";0;2;0;"Dugas, M. J., Sexton, K. A., Hebert, E. A., Bouchard, S., Gouin, J.-P., & Shafran, R. (2022). Behavioral experiments for intolerance of uncertainty: A randomized clinical trial for adults with generalized anxiety disorder. Behavior Therapy, 53(6), 1147-1160. doi:10.1016/j.beth.2022.05.003"
"40";"Dugas, 2022";"cbt";"wl";NA;NA;"Behavioral Experiments for Intolerance of Uncertainty";NA;"PSYvsCTR";"msd";"co";"worry";"PSWQ";"sr";"post";12;44,13;"8.83";"23";"60";"8.33";"27";67,43;"7.51";"30";64;"6.48";"30";NA;NA;NA;NA;"30";"30";"7";"3";NA;NA;NA;NA;NA;NA;NA;NA;NA;NA;NA;2022;"n";"ind";"ind";"12";"can";"adul";"34.6";"85";"com";"gad";"adul";"some concerns";"some concerns";"some concerns";"low risk";"low risk";"some concerns";0;2;0;"Dugas, M. J., Sexton, K. A., Hebert, E. A., Bouchard, S., Gouin, J.-P., & Shafran, R. (2022). Behavioral experiments for intolerance of uncertainty: A randomized clinical trial for adults with generalized anxiety disorder. Behavior Therapy, 53(6), 1147-1160. doi:10.1016/j.beth.2022.05.003"
"41";"Erickson, 2007";"cbt";"wl";NA;NA;NA;NA;"PSYvsCTR";"msd";"co";"gen anx";"BAI";"sr";"post";11;17;"11.6";"7";"13";"6.2";"7";23,9;"16.899999999999999";"7";15,7;"8.6999999999999993";"7";NA;NA;NA;NA;"NR";"NR";"NR";"NR";NA;NA;NA;NA;NA;NA;NA;NA;NA;NA;NA;2007;"n";"grp";"grp";"11";"can";"adul";"NR";"NR";"clin";"gad";"adul";"some concerns";"high risk";"some concerns";"low risk";"some concerns";"high risk";0;2;0;"Erickson, D. H., Janeck, A. S., & Tallman, K. (2007). A cognitive-behavioral group for patients with various anxiety disorders. Psychiatric Services, 58(9), 1205-1211."
"42";"Hoyer, 2009";"bt";"wl";"bt";"wl";"Worry exposure (WE)";NA;"PSYvsCTR";"msd";"co";"gen anx";"HAMA";"cr";"post";15;12,19;"7.82";"29";"21.15";"7.16";"29";21,6;"7.23";"29";23,33;"7.02";"29";NA;NA;NA;NA;"24";"31";"4";"1";NA;NA;NA;NA;NA;NA;NA;NA;NA;NA;NA;2009;"n";"ind";"ind";"15";"eu";"adul";"45.4";"71";"clin";"gad";"adul";"some concerns";"high risk";"low risk";"low risk";"some concerns";"high risk";0;3;1;"Hoyer, J., Beesdo, K., Gloster, A. T., Runge, J., Hofler, M., & Becker, E. S. (2009). Worry exposure versus applied relaxation in the treatment of generalized anxiety disorder. Psychother Psychosom, 78(2), 106-115. doi:10.1159/000201936"
"43";"Hoyer, 2009";"ar";"wl";"ar";"wl";NA;NA;"PSYvsCTR";"msd";"co";"gen anx";"HAMA";"cr";"post";15;12,21;"8.82";"28";"21.15";"7.16";"29";22,71;"7.35";"28";23,33;"7.02";"29";NA;NA;NA;NA;"18";"31";"2";"1";NA;NA;NA;NA;NA;NA;NA;NA;NA;NA;NA;2009;"n";"ind";"ind";"15";"eu";"adul";"45.4";"71";"clin";"gad";"adul";"some concerns";"high risk";"low risk";"low risk";"some concerns";"high risk";0;3;1;"Hoyer, J., Beesdo, K., Gloster, A. T., Runge, J., Hofler, M., & Becker, E. S. (2009). Worry exposure versus applied relaxation in the treatment of generalized anxiety disorder. Psychother Psychosom, 78(2), 106-115. doi:10.1159/000201936"
"44";"Hoyer, 2009";"bt";"wl";"bt";"wl";"Worry exposure (WE)";NA;"PSYvsCTR";"msd";"co";"worry";"PSWQ";"sr";"post";15;54,33;"10.130000000000001";"29";"57.03";"9.85";"29";61,1;"10.4";"29";57;"7.78";"29";NA;NA;NA;NA;"24";"31";"4";"1";NA;NA;NA;NA;NA;NA;NA;NA;NA;NA;NA;2009;"n";"ind";"ind";"15";"eu";"adul";"45.4";"71";"clin";"gad";"adul";"some concerns";"high risk";"low risk";"low risk";"some concerns";"high risk";0;3;1;"Hoyer, J., Beesdo, K., Gloster, A. T., Runge, J., Hofler, M., & Becker, E. S. (2009). Worry exposure versus applied relaxation in the treatment of generalized anxiety disorder. Psychother Psychosom, 78(2), 106-115. doi:10.1159/000201936"
"45";"Hoyer, 2009";"ar";"wl";"ar";"wl";NA;NA;"PSYvsCTR";"msd";"co";"worry";"PSWQ";"sr";"post";15;43,55;"9.49";"28";"57.03";"9.85";"29";56,84;"8.15";"28";57;"7.78";"29";NA;NA;NA;NA;"18";"31";"2";"1";NA;NA;NA;NA;NA;NA;NA;NA;NA;NA;NA;2009;"n";"ind";"ind";"15";"eu";"adul";"45.4";"71";"clin";"gad";"adul";"some concerns";"high risk";"low risk";"low risk";"some concerns";"high risk";0;3;1;"Hoyer, J., Beesdo, K., Gloster, A. T., Runge, J., Hofler, M., & Becker, E. S. (2009). Worry exposure versus applied relaxation in the treatment of generalized anxiety disorder. Psychother Psychosom, 78(2), 106-115. doi:10.1159/000201936"
"46";"Hui, 2017";"cbt";"wl";NA;NA;NA;NA;"PSYvsCTR";"msd";"itt";"worry";"PSWQ";"sr";"post";12;49,59;"7.76";"32";"66.06";"7.27";"31";67,84;"7.41";"32";67,48;"8.26";"31";NA;NA;NA;NA;"32";"31";"0";"0";NA;NA;NA;NA;NA;NA;NA;NA;NA;NA;NA;2017;"n";"grp";"grp";"12";"eas";"old";"65.739999999999995";"42.84";"com";"gad";"old";"some concerns";"some concerns";"low risk";"low risk";"some concerns";"some concerns";1;2;0;"Hui, C., & Zhihui, Y. (2017). Group cognitive behavioral therapy targeting intolerance of uncertainty: a randomized trial for older Chinese adults with generalized anxiety disorder. Aging Ment Health, 21(12), 1294-1302. doi:10.1080/13607863.2016.1222349"
"47";"Hui, 2017";"cbt";"wl";NA;NA;NA;NA;"PSYvsCTR";"msd";"itt";"GAD";"GAD-Q-IV";"sr";"post";12;5,75;"2.2999999999999998";"32";"10.42";"2.86";"31";10,31;"2.79";"32";10,06;"3.27";"31";NA;NA;NA;NA;"32";"31";"0";"0";NA;NA;NA;NA;NA;NA;NA;NA;NA;NA;NA;2017;"n";"grp";"grp";"12";"eas";"old";"65.739999999999995";"42.84";"com";"gad";"old";"some concerns";"some concerns";"low risk";"low risk";"some concerns";"some concerns";1;2;0;"Hui, C., & Zhihui, Y. (2017). Group cognitive behavioral therapy targeting intolerance of uncertainty: a randomized trial for older Chinese adults with generalized anxiety disorder. Aging Ment Health, 21(12), 1294-1302. doi:10.1080/13607863.2016.1222349"
"48";"Hui, 2017";"cbt";"wl";NA;NA;NA;NA;"PSYvsCTR";"msd";"itt";"gen anx";"BAI";"sr";"post";12;12,44;"5.85";"32";"24.87";"12.54";"31";23,69;"12.92";"32";24,06;"12.88";"31";NA;NA;NA;NA;"32";"31";"0";"0";NA;NA;NA;NA;NA;NA;NA;NA;NA;NA;NA;2017;"n";"grp";"grp";"12";"eas";"old";"65.739999999999995";"42.84";"com";"gad";"old";"some concerns";"some concerns";"low risk";"low risk";"some concerns";"some concerns";1;2;0;"Hui, C., & Zhihui, Y. (2017). Group cognitive behavioral therapy targeting intolerance of uncertainty: a randomized trial for older Chinese adults with generalized anxiety disorder. Aging Ment Health, 21(12), 1294-1302. doi:10.1080/13607863.2016.1222349"
"49";"Jones, 2016";"cbt";"wl";NA;NA;NA;NA;"PSYvsCTR";"msd";"co";"GAD";"GAD-7";"sr";"post";10;6,5;"4.55";"22";"10.16";"4.22";"19";11,78;"4.87";"24";11,99;"4.82";"21";NA;NA;NA;NA;"24";"22";"2";"3";NA;NA;NA;NA;NA;NA;NA;NA;NA;NA;NA;2016;"n";"gsh";"guided self-help";"7";"can";"old";"65.099999999999994";"86";"com";"gad";"old";"low risk";"low risk";"low risk";"low risk";"low risk";"low risk";0;2;0;"Jones, S. L., Hadjistavropoulos, H. D., & Soucy, J. N. (2016). A randomized controlled trial of guided internet-delivered cognitive behaviour therapy for older adults with generalized anxiety. J Anxiety Disord, 37, 1-9. doi:10.1016/j.janxdis.2015.10.006"
"50";"Jones, 2016";"cbt";"wl";NA;NA;NA;NA;"PSYvsCTR";"msd";"co";"worry";"PSWQ-A";"sr";"post";10;22,14;"8.08";"22";"27.89";"7.15";"19";29,38;"8.67";"24";28,67;"6.93";"21";NA;NA;NA;NA;"24";"22";"2";"3";NA;NA;NA;NA;NA;NA;NA;NA;NA;NA;NA;2016;"n";"gsh";"guided self-help";"7";"can";"old";"65.099999999999994";"86";"com";"gad";"old";"low risk";"low risk";"low risk";"low risk";"low risk";"low risk";0;2;0;"Jones, S. L., Hadjistavropoulos, H. D., & Soucy, J. N. (2016). A randomized controlled trial of guided internet-delivered cognitive behaviour therapy for older adults with generalized anxiety. J Anxiety Disord, 37, 1-9. doi:10.1016/j.janxdis.2015.10.006"
"51";"Ladouceur, 2000";"cbt";"wl";NA;NA;NA;NA;"PSYvsCTR";"msd";"itt";"gen anx";"ADIS-IV";"cr";"post";16;2,64;"1.55";"14";"5.67";"1.37";"12";6,36;"0.74";"14";5,92;"0.9";"12";NA;NA;NA;NA;"14";"12";"0";"0";NA;NA;NA;NA;NA;NA;NA;NA;NA;NA;NA;2000;"n";"ind";"ind";"16";"can";"adul";"39.700000000000003";"76.92";"com";"gad";"adul";"some concerns";"low risk";"low risk";"low risk";"some concerns";"some concerns";1;2;0;"Ladouceur, R., Dugas, M. J., Freeston, M. H., Leger, E., Gagnon, F., & Thibodeau, N. (2000). Efficacy of a cognitive-behavioral treatment for generalized anxiety disorder: evaluation in a controlled clinical trial. J Consult Clin Psychol, 68(6), 957-964. "
"52";"Ladouceur, 2000";"cbt";"wl";NA;NA;NA;NA;"PSYvsCTR";"msd";"itt";"worry";"PSWQ";"sr";"post";16;45,64;"9.9600000000000009";"14";"64.58";"8.27";"12";65,86;"8.9600000000000009";"14";59,25;"7.44";"12";NA;NA;NA;NA;"14";"12";"0";"0";NA;NA;NA;NA;NA;NA;NA;NA;NA;NA;NA;2000;"n";"ind";"ind";"16";"can";"adul";"39.700000000000003";"76.92";"com";"gad";"adul";"some concerns";"low risk";"low risk";"low risk";"some concerns";"some concerns";1;2;0;"Ladouceur, R., Dugas, M. J., Freeston, M. H., Leger, E., Gagnon, F., & Thibodeau, N. (2000). Efficacy of a cognitive-behavioral treatment for generalized anxiety disorder: evaluation in a controlled clinical trial. J Consult Clin Psychol, 68(6), 957-964. "
"53";"Levy Berg, 2009";"other psy";"cau";NA;NA;"Affect-focused body psychotherapy (ABP)";NA;"PSYvsCTR";"msd";"itt";"gen anx";"BAI";"sr";"post";56;17,7;"12.3";"33";"18.600000000000001";"12.2";"28";29,5;"13.2";"33";25,4;"10.5";"28";NA;NA;NA;NA;"33";"28";"2";"7";NA;NA;NA;NA;NA;NA;NA;NA;NA;NA;NA;2009;"n";"ind";"ind";"56";"eu";"adul";"37";"68.849999999999994";"clin";"gad";"adul";"some concerns";"some concerns";"high risk";"low risk";"some concerns";"high risk";1;2;0;"Levy Berg, A., Sandell, R., & Sandahl, C. (2009). Affect-focused body psychotherapy in patients with generalized anxiety disorder: Evaluation of an integrative method. Journal of Psychotherapy Integration, 19, 67-85. doi:10.1037/a0015324"
"54";"Linden, 2005";"cbt";"wl";NA;NA;NA;NA;"PSYvsCTR";"msd";"itt";"gen anx";"HAMA";"cr";"post";45;17,3;"10.5";"36";"22.5";"8.8000000000000007";"36";26,8;"8.3000000000000007";"36";24;"8.3000000000000007";"36";NA;NA;NA;NA;"36";"36";"5";"4";NA;NA;NA;NA;NA;NA;NA;NA;NA;NA;NA;2005;"n";"ind";"ind";"25";"eu";"adul";"43.3";"83.3";"com";"gad";"adul";"some concerns";"low risk";"low risk";"low risk";"low risk";"some concerns";1;2;0;"Linden, M., Zubraegel, D., Baer, T., Franke, U., & Schlattmann, P. (2005). Efficacy of cognitive behaviour therapy in generalized anxiety disorders. Results of a controlled clinical trial (Berlin CBT-GAD Study). Psychother Psychosom, 74(1), 36-42. doi:10.1159/000082025"
"55";"Lindsay, 1987";"cbt";"wl";"cbt";"wl";"cbt+relaxation";NA;"PSYvsCTR";"msd";"co";"gen anx";"Zung";"sr";"post";4;29,6;"11.44";"10";"48.7";"21.12";"10";50;"8.2100000000000009";"10";54,8;"8.16";"10";NA;NA;NA;NA;"10";"10";"0";"1";NA;NA;NA;NA;NA;NA;NA;NA;NA;NA;NA;1987;"n";"ind";"ind";"8";"eu";"adul";"36.119999999999997";"60";"clin";"gad";"adul";"some concerns";"high risk";"high risk";"low risk";"some concerns";"high risk";0;4;1;"Lindsay, W. R., Gamsu, C. V., McLaughlin, E., Hood, E. M., & Espie, C. A. (1987). A controlled trial of treatments for generalized anxiety. British journal of clinical psychology, 26 ( Pt 1), 3‐15. Retrieved from https://www.cochranelibrary.com/central/doi/10.1002/central/CN-00210383/full"
"56";"Lindsay, 1987";"ar";"wl";"ar";"wl";"anxiety management trainin";NA;"PSYvsCTR";"msd";"co";"gen anx";"Zung";"sr";"post";4;39,3;"13.4";"10";"48.7";"21.12";"10";54,2;"12.05";"10";54,8;"8.16";"10";NA;NA;NA;NA;"10";"10";"0";"1";NA;NA;NA;NA;NA;NA;NA;NA;NA;NA;NA;1987;"n";"ind";"ind";"8";"eu";"adul";"36.119999999999997";"60";"clin";"gad";"adul";"some concerns";"high risk";"high risk";"low risk";"some concerns";"high risk";0;4;1;"Lindsay, W. R., Gamsu, C. V., McLaughlin, E., Hood, E. M., & Espie, C. A. (1987). A controlled trial of treatments for generalized anxiety. British journal of clinical psychology, 26 ( Pt 1), 3‐15. Retrieved from https://www.cochranelibrary.com/central/doi/10.1002/central/CN-00210383/full"
"57";"Lindsay, 1987";"cbt";"wl";"cbt";"wl";"cbt+relaxation";NA;"PSYvsCTR";"msd";"co";"global clin";"GHQ general";"sr";"post";4;0,9;"1.91";"10";"3.7";"2.4";"10";3,9;"2.2799999999999998";"10";4,8;"1.99";"10";NA;NA;NA;NA;"10";"10";"0";"1";NA;NA;NA;NA;NA;NA;NA;NA;NA;NA;NA;1987;"n";"ind";"ind";"8";"eu";"adul";"36.119999999999997";"60";"clin";"gad";"adul";"some concerns";"high risk";"high risk";"low risk";"some concerns";"high risk";0;4;1;"Lindsay, W. R., Gamsu, C. V., McLaughlin, E., Hood, E. M., & Espie, C. A. (1987). A controlled trial of treatments for generalized anxiety. British journal of clinical psychology, 26 ( Pt 1), 3‐15. Retrieved from https://www.cochranelibrary.com/central/doi/10.1002/central/CN-00210383/full"
"58";"Lindsay, 1987";"ar";"wl";"ar";"wl";"anxiety management trainin";NA;"PSYvsCTR";"msd";"co";"global clin";"GHQ general";"sr";"post";4;3,7;"2.35";"10";"3.7";"2.4";"10";5,3;"1.49";"10";4,8;"1.99";"10";NA;NA;NA;NA;"10";"10";"0";"1";NA;NA;NA;NA;NA;NA;NA;NA;NA;NA;NA;1987;"n";"ind";"ind";"8";"eu";"adul";"36.119999999999997";"60";"clin";"gad";"adul";"some concerns";"high risk";"high risk";"low risk";"some concerns";"high risk";0;4;1;"Lindsay, W. R., Gamsu, C. V., McLaughlin, E., Hood, E. M., & Espie, C. A. (1987). A controlled trial of treatments for generalized anxiety. British journal of clinical psychology, 26 ( Pt 1), 3‐15. Retrieved from https://www.cochranelibrary.com/central/doi/10.1002/central/CN-00210383/full"
"59";"Lorian, 2012";"cbt";"wl";NA;NA;NA;NA;"PSYvsCTR";"msd";"co";"GAD";"GAD-7";"sr";"post";9;6,79;"4.33";"24";"12.29";"4.26";"20";14,33;"4.5";"24";13,62;"3.51";"20";NA;NA;NA;NA;"25";"23";"4";"4";NA;NA;NA;NA;NA;NA;NA;NA;NA;NA;NA;2012;"n";"gsh";"gSH";"6";"au";"adul";"44.17";"72.72";"com";"gad";"adul";"some concerns";"low risk";"low risk";"low risk";"low risk";"some concerns";0;2;0;"Lorian, C. N., Titov, N., & Grisham, J. R. (2012). Changes in risk-taking over the course of an internet-delivered cognitive behavioral therapy treatment for generalized anxiety disorder. J Anxiety Disord, 26(1), 140-149. doi:10.1016/j.janxdis.2011.10.003"
"60";"Lorian, 2012";"cbt";"wl";NA;NA;NA;NA;"PSYvsCTR";"msd";"co";"worry";"PSWQ";"sr";"post";9;56,75;"10.78";"24";"66.14";"8.6999999999999993";"20";66,13;"8.25";"24";66,33;"12.7";"20";NA;NA;NA;NA;"25";"23";"4";"4";NA;NA;NA;NA;NA;NA;NA;NA;NA;NA;NA;2012;"n";"gsh";"gSH";"6";"au";"adul";"44.17";"72.72";"com";"gad";"adul";"some concerns";"low risk";"low risk";"low risk";"low risk";"some concerns";0;2;0;"Lorian, C. N., Titov, N., & Grisham, J. R. (2012). Changes in risk-taking over the course of an internet-delivered cognitive behavioral therapy treatment for generalized anxiety disorder. J Anxiety Disord, 26(1), 140-149. doi:10.1016/j.janxdis.2011.10.003"
"61";"Mennin, 2018";"3rd";"wl";NA;NA;"Emotion regulation therapy";"modified attention control condition";"PSYvsCTR";"msd";"itt";"GAD";"GAD CSR";"cr";"post";20;3;"1.3";"28";"5.5";"0.9";"25";5,6;"0.6";"28";5,9;"0.6";"25";NA;NA;NA;NA;"28";"25";"3";"5";NA;NA;NA;NA;NA;NA;NA;NA;NA;NA;NA;2018;"y";"ind";"ind";"20";"us";"adul";"39";"75";"com";"gad";"adul";"some concerns";"low risk";"low risk";"low risk";"low risk";"some concerns";1;2;0;"Mennin, D. S., Fresco, D. M., O'Toole, M. S., & Heimberg, R. G. (2018). A randomized controlled trial of emotion regulation therapy for generalized anxiety disorder with and without co-occurring depression. Journal of Consulting and Clinical Psychology, 86(3), 268-281. doi:10.1037/ccp0000289"
"62";"Mennin, 2018";"3rd";"wl";NA;NA;"Emotion regulation therapy";"modified attention control condition";"PSYvsCTR";"msd";"itt";"worry";"PSWQ";"sr";"post";20;44;"9.9";"28";"67.2";"10.9";"25";67,5;"7.3";"28";68,1;"11.8";"25";NA;NA;NA;NA;"28";"25";"3";"5";NA;NA;NA;NA;NA;NA;NA;NA;NA;NA;NA;2018;"y";"ind";"ind";"20";"us";"adul";"39";"75";"com";"gad";"adul";"some concerns";"low risk";"low risk";"low risk";"low risk";"some concerns";1;2;0;"Mennin, D. S., Fresco, D. M., O'Toole, M. S., & Heimberg, R. G. (2018). A randomized controlled trial of emotion regulation therapy for generalized anxiety disorder with and without co-occurring depression. Journal of Consulting and Clinical Psychology, 86(3), 268-281. doi:10.1037/ccp0000289"
"63";"Mohlman, 2003";"cbt";"wl";NA;NA;NA;NA;"PSYvsCTR";"msd";"co";"global clin";"SCL-90-R global severity index";"sr";"post";13;41,77;"8.2200000000000006";"19";"48.45";"8.8800000000000008";"17";45,23;"9.11";"19";48,25;"7.41";"17";NA;NA;NA;NA;"22";"20";"3";"3";NA;NA;NA;NA;NA;NA;NA;NA;NA;NA;NA;2003;"n";"ind";"ind";"13";"us";"old";"66.8";"65.400000000000006";"com";"gad";"old";"some concerns";"high risk";"high risk";"low risk";"high risk";"high risk";0;2;0;"Mohlman, J., Gorenstein, E. E., Kleber, M., De Jesus, M., Gorman, J. M., & Papp, L. A. (2003). Standard and enhanced cognitive-behavior therapy for late-life generalized anxiety disorder: Two pilot investigations. American Journal of Geriatric Psychiatry, 11(1), 24-32. doi:10.1097/00019442-200301000-00005"
"64";"Mohlman, 2003";"cbt";"wl";NA;NA;NA;NA;"PSYvsCTR";"msd";"co";"gen anx";"BAI";"sr";"post";13;10,25;"7.03";"11";"11.45";"4.87";"10";13;"9.23";"11";14,09;"7.02";"10";NA;NA;NA;NA;"11";"10";"3";"3";NA;NA;NA;NA;NA;NA;NA;NA;NA;NA;NA;2003;"n";"ind";"ind";"13";"us";"old";"66.8";"65.400000000000006";"com";"gad";"old";"some concerns";"high risk";"high risk";"low risk";"high risk";"high risk";0;2;0;"Mohlman, J., Gorenstein, E. E., Kleber, M., De Jesus, M., Gorman, J. M., & Papp, L. A. (2003). Standard and enhanced cognitive-behavior therapy for late-life generalized anxiety disorder: Two pilot investigations. American Journal of Geriatric Psychiatry, 11(1), 24-32. doi:10.1097/00019442-200301000-00005"
"65";"Newman, 2020";"cbt";"other ctr";NA;NA;NA;"no treatment";"PSYvsCTR";"msd";"co";"worry";"PSWQ";"sr";"post";12;40,13;"6.83";"39";"42.42";"8.36";"43";45,18;"6.23";"50";45,72;"5.54";"50";NA;NA;NA;NA;"50";"50";"11";"7";NA;NA;NA;NA;NA;NA;NA;NA;NA;NA;NA;2020;"n";"gsh";"gsh";"8";"us";"yadul";"21.4";"87";"com";"gad";"stud";"low risk";"some concerns";"high risk";"low risk";"some concerns";"high risk";0;2;0;"Newman, M. G., Jacobson, N. C., Rackoff, G. N., Bell, M. J., & Taylor, C. B. (2020). A randomized controlled trial of a smartphone-based application for the treatment of anxiety. Psychother Res, 1-12. doi:10.1080/10503307.2020.1790688"
"66";"Newman, 2020";"cbt";"other ctr";NA;NA;NA;"no treatment";"PSYvsCTR";"msd";"co";"gen anx";"STAI-T";"sr";"post";12;52,36;"10.51";"39";"55.56";"9.67";"43";58,5;"9.9600000000000009";"50";59,78;"7.98";"50";NA;NA;NA;NA;"50";"50";"11";"7";NA;NA;NA;NA;NA;NA;NA;NA;NA;NA;NA;2020;"n";"gsh";"gsh";"8";"us";"yadul";"21.4";"87";"com";"gad";"stud";"low risk";"some concerns";"high risk";"low risk";"some concerns";"high risk";0;2;0;"Newman, M. G., Jacobson, N. C., Rackoff, G. N., Bell, M. J., & Taylor, C. B. (2020). A randomized controlled trial of a smartphone-based application for the treatment of anxiety. Psychother Res, 1-12. doi:10.1080/10503307.2020.1790688"
"67";"Nordahl, 2018";"cbt";"wl";"cbt";"wl";NA;NA;"PSYvsCTR";"msd";"itt";"worry";"PSWQ";"sr";"post";12;54,67;"12.8";"28";"63.95";"8.49";"21";67,6;"6.28";"28";67,52;"7.6";"21";NA;NA;NA;NA;"28";"21";"2";"0";NA;NA;NA;NA;NA;NA;NA;NA;NA;NA;NA;2018;"n";"ind";"ind";"12";"eu";"adul";"37.75";"73";"clin";"gad";"adul";"low risk";"low risk";"low risk";"low risk";"low risk";"low risk";1;3;1;"Nordahl, H. M., Borkovec, T. D., Hagen, R., Kennair, L. E. O., Hjemdal, O., Solem, S., . . . Wells, A. (2018). Metacognitive therapy versus cognitive-behavioural therapy in adults with generalised anxiety disorder. BJPsych Open, 4(5), 393-400. doi:10.1192/bjo.2018.54"
"68";"Nordahl, 2018";"3rd";"wl";"other psy";"wl";"metacognitive therapy (MCT)";NA;"PSYvsCTR";"msd";"itt";"worry";"PSWQ";"sr";"post";12;42,93;"14.09";"32";"63.95";"8.49";"21";65,1;"8.4700000000000006";"32";67,52;"7.6";"21";NA;NA;NA;NA;"32";"21";"2";"0";NA;NA;NA;NA;NA;NA;NA;NA;NA;NA;NA;2018;"n";"ind";"ind";"12";"eu";"adul";"37.75";"73";"clin";"gad";"adul";"low risk";"low risk";"low risk";"low risk";"low risk";"low risk";1;3;1;"Nordahl, H. M., Borkovec, T. D., Hagen, R., Kennair, L. E. O., Hjemdal, O., Solem, S., . . . Wells, A. (2018). Metacognitive therapy versus cognitive-behavioural therapy in adults with generalised anxiety disorder. BJPsych Open, 4(5), 393-400. doi:10.1192/bjo.2018.54"
"69";"Nordahl, 2018";"cbt";"wl";NA;NA;NA;NA;"PSYvsCTR";"msd";"itt";"gen anx";"BAI";"sr";"post";12;10,42;"12.8";"28";"22.52";"13.84";"21";21,46;"10.050000000000001";"29";28,85;"12.85";"21";NA;NA;NA;NA;"28";"21";"2";"0";NA;NA;NA;NA;NA;NA;NA;NA;NA;NA;NA;2018;"n";"ind";"ind";"12";"eu";"adul";"37.75";"73";"clin";"gad";"adul";"low risk";"low risk";"low risk";"low risk";"low risk";"low risk";1;2;0;"Nordahl, H. M., Borkovec, T. D., Hagen, R., Kennair, L. E. O., Hjemdal, O., Solem, S., . . . Wells, A. (2018). Metacognitive therapy versus cognitive-behavioural therapy in adults with generalised anxiety disorder. BJPsych Open, 4(5), 393-400. doi:10.1192/bjo.2018.54"
"70";"Nordahl, 2018";"3rd";"wl";NA;NA;"metacognitive therapy (MCT)";NA;"PSYvsCTR";"msd";"itt";"gen anx";"BAI";"sr";"post";12;5,06;"5.57";"32";"22.52";"13.84";"21";24,47;"13.82";"32";28,85;"12.85";"21";NA;NA;NA;NA;"32";"21";"2";"0";NA;NA;NA;NA;NA;NA;NA;NA;NA;NA;NA;2018;"n";"ind";"ind";"12";"eu";"adul";"37.75";"73";"clin";"gad";"adul";"low risk";"low risk";"low risk";"low risk";"low risk";"low risk";1;2;0;"Nordahl, H. M., Borkovec, T. D., Hagen, R., Kennair, L. E. O., Hjemdal, O., Solem, S., . . . Wells, A. (2018). Metacognitive therapy versus cognitive-behavioural therapy in adults with generalised anxiety disorder. BJPsych Open, 4(5), 393-400. doi:10.1192/bjo.2018.54"
"71";"Orvati Aziz, 2020";"other psy";"cau";"other psy";"other ctr";"integration of cognitive-behavioral therapy and short-term psychodynamic psychotherapy";"""control group"" probably means no treatment";"PSYvsCTR";"msd";"NR";"gen anx";"HAMA (?)";"cr";"post";15;7;"3.44";"12";"29.75";"9.26";"12";36,67;"8.92";"12";31;"9.81";"12";NA;NA;NA;NA;"12";"12";"0";"0";NA;NA;NA;NA;NA;NA;NA;NA;NA;NA;NA;2020;"n";"ind";"ind";"15";"oth";"adul";"24.72";"83.33";"oth";"gad";"adul";"some concerns";"high risk";"some concerns";"some concerns";"some concerns";"high risk";2;3;1;"Orvati Aziz, M., Mehrinejad, S. A., Hashemian, K., & Paivastegar, M. (2020). Integrative therapy (short-term psychodynamic psychotherapy & cognitive-behavioral therapy) and cognitive-behavioral therapy in the treatment of generalized anxiety disorder: A randomized controlled trial. Complement Ther Clin Pract, 39, 101122. doi:10.1016/j.ctcp.2020.101122"
"72";"Orvati Aziz, 2020";"cbt";"cau";"cbt";"other ctr";"cbt";"""control group"" probably means no treatment";"PSYvsCTR";"msd";"NR";"gen anx";"HAMA (?)";"cr";"post";15;10,67;"4.87";"12";"29.75";"9.26";"12";30,67;"8.4600000000000009";"12";31;"9.81";"12";NA;NA;NA;NA;"12";"12";"0";"0";NA;NA;NA;NA;NA;NA;NA;NA;NA;NA;NA;2020;"n";"ind";"ind";"15";"oth";"adul";"24.72";"83.33";"oth";"gad";"adul";"some concerns";"high risk";"some concerns";"some concerns";"some concerns";"high risk";2;3;1;"Orvati Aziz, M., Mehrinejad, S. A., Hashemian, K., & Paivastegar, M. (2020). Integrative therapy (short-term psychodynamic psychotherapy & cognitive-behavioral therapy) and cognitive-behavioral therapy in the treatment of generalized anxiety disorder: A randomized controlled trial. Complement Ther Clin Pract, 39, 101122. doi:10.1016/j.ctcp.2020.101122"
"73";"Pallavicini, 2009";"bt";"wl";NA;NA;"Virtual Reality + Mobile Phone without Biofeedback Condition (VRM) + Virtual Reality + Mobile Phone with Biofeedback Condition (VRMB)";NA;"PSYvsCTR";"msd";"co";"gen anx";"HAMA";"cr";"post";8;16,87;"7.38";"8";"16.25";"6.7";"4";22,25;"6.83";"8";25;"7.43";"4";NA;NA;NA;NA;"8";"4";"1";"0";NA;NA;NA;NA;NA;NA;NA;NA;NA;NA;NA;2009;"n";"ind";"ind";"8";"eu";"adul";"47";"75";"com";"gad";"adul";"some concerns";"high risk";"some concerns";"high risk";"some concerns";"high risk";0;2;0;"Pallavicini, F., Algeri, D., Repetto, C., Gorini, A., & Riva, G. (2009). Biofeedback, virtual reality and mobile phones in the treatment of generalized anxiety disorder (gad): A phase-2 controlled clinical trial. Journal of Cyber Therapy and Rehabilitation, 2(4), 315-327. Retrieved from http://www.embase.com/search/results?subaction=viewrecord&from=export&id=L362154058"
"74";"Pallavicini, 2009";"bt";"wl";NA;NA;"Virtual Reality + Mobile Phone without Biofeedback Condition (VRM) + Virtual Reality + Mobile Phone with Biofeedback Condition (VRMB)";NA;"PSYvsCTR";"msd";"co";"worry";"PSWQ";"sr";"post";8;47,85;"9.94";"8";"50";"5.29";"4";44,87;"12.6";"8";51,25;"9.84";"4";NA;NA;NA;NA;"8";"4";"1";"0";NA;NA;NA;NA;NA;NA;NA;NA;NA;NA;NA;2009;"n";"ind";"ind";"8";"eu";"adul";"47";"75";"com";"gad";"adul";"some concerns";"high risk";"some concerns";"high risk";"some concerns";"high risk";0;2;0;"Pallavicini, F., Algeri, D., Repetto, C., Gorini, A., & Riva, G. (2009). Biofeedback, virtual reality and mobile phones in the treatment of generalized anxiety disorder (gad): A phase-2 controlled clinical trial. Journal of Cyber Therapy and Rehabilitation, 2(4), 315-327. Retrieved from http://www.embase.com/search/results?subaction=viewrecord&from=export&id=L362154058"
"75";"Pallavicini, 2009";"bt";"wl";NA;NA;"Virtual Reality + Mobile Phone without Biofeedback Condition (VRM) + Virtual Reality + Mobile Phone with Biofeedback Condition (VRMB)";NA;"PSYvsCTR";"msd";"co";"GAD";"GAD7";"sr";"post";8;7,35;"4.0199999999999996";"8";"8.75";"6.18";"4";13,12;"7.25";"8";14,25;"4.57";"4";NA;NA;NA;NA;"8";"4";"1";"0";NA;NA;NA;NA;NA;NA;NA;NA;NA;NA;NA;2009;"n";"ind";"ind";"8";"eu";"adul";"47";"75";"com";"gad";"adul";"some concerns";"high risk";"some concerns";"high risk";"some concerns";"high risk";0;2;0;"Pallavicini, F., Algeri, D., Repetto, C., Gorini, A., & Riva, G. (2009). Biofeedback, virtual reality and mobile phones in the treatment of generalized anxiety disorder (gad): A phase-2 controlled clinical trial. Journal of Cyber Therapy and Rehabilitation, 2(4), 315-327. Retrieved from http://www.embase.com/search/results?subaction=viewrecord&from=export&id=L362154058"
"76";"Paxling, 2011";"cbt";"wl";NA;NA;"guided SH CBT";NA;"PSYvsCTR";"msd";"itt";"worry";"PSWQ";"sr";"post";8;57,82;"13.01";"NR";"69.39";"7.06";"NR";68,74;"5.94";"NR";69,32;"6.55";"NR";NA;NA;NA;NA;"44";"45";"6";"1";NA;NA;NA;NA;NA;NA;NA;NA;NA;NA;NA;2011;"n";"gsh";"internet guided self-help";"8";"eu";"adul";"39.299999999999997";"79.8";"com";"gad";"adul";"low risk";"some concerns";"low risk";"low risk";"some concerns";"some concerns";2;2;0;"Paxling, B., Almlov, J., Dahlin, M., Carlbring, P., Breitholtz, E., Eriksson, T., & Andersson, G. (2011). Guided internet-delivered cognitive behavior therapy for generalized anxiety disorder: a randomized controlled trial. Cogn Behav Ther, 40(3), 159-173. doi:10.1080/16506073.2011.576699"
"77";"Paxling, 2011";"cbt";"wl";NA;NA;"guided SH CBT";NA;"PSYvsCTR";"msd";"itt";"GAD";"GAD-Q-IV";"sr";"post";8;6,45;"3.59";"NR";"9.89";"2.77";"NR";10,08;"2.42";"NR";13,34;"2.13";"NR";NA;NA;NA;NA;"44";"45";"6";"1";NA;NA;NA;NA;NA;NA;NA;NA;NA;NA;NA;2011;"n";"gsh";"internet guided self-help";"8";"eu";"adul";"39.299999999999997";"79.8";"com";"gad";"adul";"low risk";"some concerns";"low risk";"low risk";"some concerns";"some concerns";2;2;0;"Paxling, B., Almlov, J., Dahlin, M., Carlbring, P., Breitholtz, E., Eriksson, T., & Andersson, G. (2011). Guided internet-delivered cognitive behavior therapy for generalized anxiety disorder: a randomized controlled trial. Cogn Behav Ther, 40(3), 159-173. doi:10.1080/16506073.2011.576699"
"78";"Power, 1989";"cbt";"pl";"cbt";"pl";NA;NA;"PSYvsCTR";"msd";"co";"gen anx";"HAMA";"cr";"post";6;4,4;"4.5999999999999996";"10";"12.6";"6.4";"11";18,1;"2.5";"10";16,7;"1.1000000000000001";"11";NA;NA;NA;NA;"11";"11";"0";"0";NA;NA;NA;NA;NA;NA;NA;NA;NA;NA;NA;1989;"n";"ind";"ind";"4";"eu";"adul";"34";"87";"clin";"gad";"adul";"some concerns";"high risk";"low risk";"high risk";"some concerns";"high risk";0;3;1;"Power, K. G., Jerrom, D. W. A., Simpson, R. J., Mitchell, M. J., & Swanson, V. (1989). A controlled comparison of Cognitive-Behaviour Therapy, Diazepam and Placebo in the management of generalized anxiety. Behavioural Psychotherapy, 17(1), 1-14. Retrieved from http://www.embase.com/search/results?subaction=viewrecord&from=export&id=L19077017"
"79";"Power, 1989";"cbt";"pl";"cbt";"pl";NA;NA;"PSYvsCTR";"dich";"co";"GAD";"""a 7-point rating scale of symptom change""";"cr";"post";6;NA;NA;NA;NA;NA;NA;NA;NA;NA;NA;NA;NA;"response";"Psychologist assessor stating ""very much"" or ""much"" improved at a 7-point rating scale of symptom change in comparison to the patients condition at admission to the study.";9;6;"11";"11";"0";"0";NA;NA;NA;NA;NA;NA;NA;NA;NA;NA;NA;1989;"n";"ind";"ind";"4";"eu";"adul";"34";"87";"clin";"gad";"adul";"some concerns";"high risk";"low risk";"high risk";"some concerns";"high risk";0;3;1;"Power, K. G., Jerrom, D. W. A., Simpson, R. J., Mitchell, M. J., & Swanson, V. (1989). A controlled comparison of Cognitive-Behaviour Therapy, Diazepam and Placebo in the management of generalized anxiety. Behavioural Psychotherapy, 17(1), 1-14. Retrieved from http://www.embase.com/search/results?subaction=viewrecord&from=export&id=L19077017"
"80";"Power, 1990";"cbt";"pl";"cbt";"pl";NA;NA;"PSYvsCTR";"msd";"co";"GAD";"""severity of illness (0-7 scale)";"cr";"post";10;2,62;"1.36";"21";"4.21";"1.39";"19";5,19;"0.74";"21";5,21;"0.42";"19";NA;NA;NA;NA;"21";"19";"0";"0";NA;NA;NA;NA;NA;NA;NA;NA;NA;NA;NA;1990;"n";"ind";"ind";"7";"eu";"adul";"40.520000000000003";"71.3";"clin";"gad";"adul";"some concerns";"high risk";"low risk";"high risk";"some concerns";"high risk";0;5;1;"Power, K. G., Simpson, R. J., Swanson, V., & Wallace, L. A. (1990). Controlled comparison of pharmacological and psychological treatment of generalized anxiety disorder in primary care. Br J Gen Pract, 40(336), 289-294. Retrieved from https://bjgp.org/content/bjgp/40/336/289.full.pdf"
"81";"Richards, 2016";"cbt";"wl";NA;NA;NA;NA;"PSYvsCTR";"msd";"itt";"GAD";"GAD-7";"sr";"post";7;7,73;"4.4400000000000004";"70";"9.1300000000000008";"4.13";"67";12,84;"2.39";"70";13,19;"2.78";"67";NA;NA;NA;NA;"70";"67";"11";"14";NA;NA;NA;NA;NA;NA;NA;NA;NA;NA;NA;2016;"n";"gsh";"internet guided self-help";"7";"eu";"yadul";"23.82";"77.400000000000006";"com";"gad";"stud";"low risk";"low risk";"low risk";"low risk";"low risk";"low risk";1;2;0;"Richards, D., Timulak, L., Rashleigh, C., McLoughlin, O., Colla, A., Joyce, C., . . . Anderson-Gibbons, M. (2016). Effectiveness of an internet-delivered intervention for generalized anxiety disorder in routine care: A randomised controlled trial in a student population. Internet Interventions, 6, 80-88. doi:10.1016/j.invent.2016.10.003"
"82";"Richards, 2016";"cbt";"wl";NA;NA;NA;NA;"PSYvsCTR";"msd";"itt";"worry";"PSWQ";"sr";"post";7;58,53;"10.97";"70";"60.33";"8.7899999999999991";"67";63,04;"8.11";"70";63,48;"6.95";"67";NA;NA;NA;NA;"70";"67";"11";"14";NA;NA;NA;NA;NA;NA;NA;NA;NA;NA;NA;2016;"n";"gsh";"internet guided self-help";"7";"eu";"yadul";"23.82";"77.400000000000006";"com";"gad";"stud";"low risk";"low risk";"low risk";"low risk";"low risk";"low risk";1;2;0;"Richards, D., Timulak, L., Rashleigh, C., McLoughlin, O., Colla, A., Joyce, C., . . . Anderson-Gibbons, M. (2016). Effectiveness of an internet-delivered intervention for generalized anxiety disorder in routine care: A randomised controlled trial in a student population. Internet Interventions, 6, 80-88. doi:10.1016/j.invent.2016.10.003"
"83";"Robinson, 2010";"cbt";"wl";NA;NA;"gSH clinician+technician assisted (merged arms)";NA;"PSYvsCTR";"msd";"itt";"GAD";"GAD-7";"sr";"post";10;5,79;"4.09";"97";"11.25";"4.7";"48";12,16;"3.75";"97";12,94;"4.07";"48";NA;NA;NA;NA;"101";"49";"5";"2";NA;NA;NA;NA;NA;NA;NA;NA;NA;NA;NA;2010;"n";"gsh";"gSH & ugSH";"6";"au";"adul";"46.96";"68.3";"com";"gad";"adul";"low risk";"low risk";"low risk";"low risk";"low risk";"low risk";1;2;0;"Robinson, E., Titov, N., Andrews, G., McIntyre, K., Schwencke, G., & Solley, K. (2010). Internet treatment for generalized anxiety disorder: a randomized controlled trial comparing clinician vs. technician assistance. PLoS One, 5(6), e10942. doi:10.1371/journal.pone.0010942"
"84";"Robinson, 2010";"cbt";"wl";NA;NA;"gSH clinician+technician assisted (merged arms)";NA;"PSYvsCTR";"msd";"itt";"worry";"PSWQ";"sr";"post";10;51,87;"11.45";"97";"64.22";"11.81";"48";63,55;"9.33";"97";65,81;"10.24";"48";NA;NA;NA;NA;"101";"49";"5";"2";NA;NA;NA;NA;NA;NA;NA;NA;NA;NA;NA;2010;"n";"gsh";"gSH & ugSH";"6";"au";"adul";"46.96";"68.3";"com";"gad";"adul";"low risk";"low risk";"low risk";"low risk";"low risk";"low risk";1;2;0;"Robinson, E., Titov, N., Andrews, G., McIntyre, K., Schwencke, G., & Solley, K. (2010). Internet treatment for generalized anxiety disorder: a randomized controlled trial comparing clinician vs. technician assistance. PLoS One, 5(6), e10942. doi:10.1371/journal.pone.0010942"
"85";"Roemer, 2008";"3rd";"wl";NA;NA;"acceptance-based behavioral therapy";NA;"PSYvsCTR";"msd";"itt";"GAD";"GAD CSR";"cr";"post";16;3,18;"1.1599999999999999";"15";"5.32";"1.36";"16";5,73;"0.69";"15";5,69;"0.48";"16";NA;NA;NA;NA;"15";"16";"2";"4";NA;NA;NA;NA;NA;NA;NA;NA;NA;NA;NA;2008;"n";"ind";"ind";"16";"us";"adul";"33.590000000000003";"70.959999999999994";"clin";"gad";"adul";"low risk";"low risk";"low risk";"low risk";"some concerns";"some concerns";1;2;0;"Roemer, L., Orsillo, S. M., & Salters-Pedneault, K. (2008). Efficacy of an acceptance-based behavior therapy for generalized anxiety disorder: evaluation in a randomized controlled trial. J Consult Clin Psychol, 76(6), 1083-1089. doi:10.1037/a0012720"
"86";"Roemer, 2008";"3rd";"wl";NA;NA;"acceptance-based behavioral therapy";NA;"PSYvsCTR";"msd";"itt";"worry";"PSWQ";"sr";"post";16;54,18;"9.11";"15";"68.930000000000007";"5.88";"16";65,72;"8.17";"15";72,03;"3.76";"16";NA;NA;NA;NA;"15";"16";"2";"4";NA;NA;NA;NA;NA;NA;NA;NA;NA;NA;NA;2008;"n";"ind";"ind";"16";"us";"adul";"33.590000000000003";"70.959999999999994";"clin";"gad";"adul";"low risk";"low risk";"low risk";"low risk";"some concerns";"some concerns";1;2;0;"Roemer, L., Orsillo, S. M., & Salters-Pedneault, K. (2008). Efficacy of an acceptance-based behavior therapy for generalized anxiety disorder: evaluation in a randomized controlled trial. J Consult Clin Psychol, 76(6), 1083-1089. doi:10.1037/a0012720"
"87";"Rogiers, 2021";"cbt";"wl";NA;NA;"‘Drop it’ for Repetitive negative thinking (RNT)";NA;"PSYvsCTR";"msd";"itt";"worry";"PSWQ";"sr";"post";12;55,3;"8.65";"45";"63.1";"8.73";"35";64,2;"8.4700000000000006";"45";65,3;"8.5299999999999994";"35";NA;NA;NA;NA;"45";"35";"3";"5";NA;NA;NA;NA;NA;NA;NA;NA;NA;NA;NA;2021;"y";"grp";"grp";"8";"eu";"adul";"42.6";"66.25";"com";"gad";"adul";"some concerns";"low risk";"low risk";"low risk";"low risk";"some concerns";1;2;0;"Rogiers, R., Baeken, C., Van den Abbeele, D., Watkins, E. R., Remue, J., Colman, R., . . . Lemmens, G. M. D. (2021). Group Intervention ‘Drop it!’ Decreases Repetitive Negative Thinking in Major Depressive Disorder and/or Generalized Anxiety Disorder: A Randomised Controlled Study. Cognitive Therapy and Research. doi:10.1007/s10608-021-10240-6"
"88";"Rogiers, 2021";"cbt";"wl";NA;NA;"‘Drop it’ for Repetitive negative thinking (RNT)";NA;"PSYvsCTR";"msd";"itt";"gen anx";"STAI-S";"sr";"post";12;42,8;"10.98";"45";"49.1";"11.06";"35";51,2;"14";"45";53,6;"13.1";"35";NA;NA;NA;NA;"45";"35";"3";"5";NA;NA;NA;NA;NA;NA;NA;NA;NA;NA;NA;2021;"y";"grp";"grp";"8";"eu";"adul";"42.6";"66.25";"com";"gad";"adul";"some concerns";"low risk";"low risk";"low risk";"low risk";"some concerns";1;2;0;"Rogiers, R., Baeken, C., Van den Abbeele, D., Watkins, E. R., Remue, J., Colman, R., . . . Lemmens, G. M. D. (2021). Group Intervention ‘Drop it!’ Decreases Repetitive Negative Thinking in Major Depressive Disorder and/or Generalized Anxiety Disorder: A Randomised Controlled Study. Cognitive Therapy and Research. doi:10.1007/s10608-021-10240-6"
"89";"Roy, 2021";"3rd";"cau";NA;NA;"app-delivered MT ""Unwinding Anxiety""";NA;"PSYvsCTR";"msd";"co";"GAD";"GAD-7";"sr";"post";8;4,8;"4.0999999999999996";"28";"10.6";"3.5";"33";12,9;"4.8";"28";12,6;"4.3";"33";NA;NA;NA;NA;"32";"33";"4";"0";NA;NA;NA;NA;NA;NA;NA;NA;NA;NA;NA;2021;"n";"ush";"unguided smartphone application";"30";"us";"adul";"42";"90.5";"com";"gad";"adul";"some concerns";"some concerns";"low risk";"low risk";"some concerns";"some concerns";0;2;0;"Roy, A., Hoge, E. A., Abrante, P., Druker, S., Liu, T., & Brewer, J. A. (2021). Clinical Efficacy and Psychological Mechanisms of an App-Based Digital Therapeutic for Generalized Anxiety Disorder: Randomized Controlled Trial. Journal of Medical Internet Research, 23(12). doi:10.2196/26987"
"90";"Roy, 2021";"3rd";"cau";NA;NA;"app-delivered MT ""Unwinding Anxiety""";NA;"PSYvsCTR";"msd";"co";"worry";"PSWQ";"sr";"post";8;49,9;"11.5";"28";"63.8";"7.9";"33";65,4;"7";"28";67,8;"8";"33";NA;NA;NA;NA;"32";"33";"4";"0";NA;NA;NA;NA;NA;NA;NA;NA;NA;NA;NA;2021;"n";"ush";"unguided smartphone application";"30";"us";"adul";"42";"90.5";"com";"gad";"adul";"some concerns";"some concerns";"low risk";"low risk";"some concerns";"some concerns";0;2;0;"Roy, A., Hoge, E. A., Abrante, P., Druker, S., Liu, T., & Brewer, J. A. (2021). Clinical Efficacy and Psychological Mechanisms of an App-Based Digital Therapeutic for Generalized Anxiety Disorder: Randomized Controlled Trial. Journal of Medical Internet Research, 23(12). doi:10.2196/26987"
"91";"Roy-Byrne, 2010";"cbt";"cau";NA;NA;"Coordinated Anxiety Learning andManagement(CALM)";NA;"PSYvsCTR";"msd";"itt";"gen anx";"BSI-12 (subscale for anxiety and somatization)";"sr";"post";26;9,16;"7.43";"390";"11.68";"7.58";"366";16,21;"6.12";"390";16,27;"7.88";"366";NA;NA;NA;NA;"390";"366";"NR";"NR";NA;NA;NA;NA;NA;NA;NA;NA;NA;NA;NA;2010;"n";"ind";"ind";"8";"us";"adul";"NR";"NR";"clin";"gad";"adul";"low risk";"low risk";"some concerns";"low risk";"some concerns";"some concerns";1;2;0;"Roy-Byrne, P., Craske, M. G., Sullivan, G., Rose, R. D., Edlund, M. J., Lang, A. J., ... & Stein, M. B. (2010). Delivery of evidence-based treatment for multiple anxiety disorders in primary care: a randomized controlled trial. Jama, 303(19), 1921-1928."
"92";"Stanley, 2003";"cbt";"wl";NA;NA;NA;"MCC (Minimal contact control)";"PSYvsCTR";"msd";"co";"gen anx";"HAMA";"cr";"post";15;13,5;"5.2";"29";"19.7";"6.93";"35";20,8;"7.28";"29";19,3;"6.7";"35";NA;NA;NA;NA;"39";"41";"10";"4";NA;NA;NA;NA;NA;NA;NA;NA;NA;NA;NA;2003;"n";"grp";"group";"15";"us";"old";"66.2";"75";"com";"gad";"old";"high risk";"high risk";"high risk";"low risk";"some concerns";"high risk";0;2;0;"Stanley, M. A., Beck, J. G., Novy, D. M., Averill, P. M., Swann, A. C., & Diefenbach, G. J. (2003). Cognitive-behavioral treatment of late-life generalized anxiety disorder. Journal of Consulting and Clinical Psychology, 71(2), 309‐319. Retrieved from https://www.cochranelibrary.com/central/doi/10.1002/central/CN-00431425/full"
"93";"Stanley, 2003";"cbt";"wl";NA;NA;NA;"MCC (Minimal contact control)";"PSYvsCTR";"msd";"co";"worry";"PSWQ";"sr";"post";15;51,6;"10.19";"29";"61.8";"8.61";"35";60,1;"9.4700000000000006";"29";63,3;"9.34";"35";NA;NA;NA;NA;"39";"41";"10";"4";NA;NA;NA;NA;NA;NA;NA;NA;NA;NA;NA;2003;"n";"grp";"group";"15";"us";"old";"66.2";"75";"com";"gad";"old";"high risk";"high risk";"high risk";"low risk";"some concerns";"high risk";0;2;0;"Stanley, M. A., Beck, J. G., Novy, D. M., Averill, P. M., Swann, A. C., & Diefenbach, G. J. (2003). Cognitive-behavioral treatment of late-life generalized anxiety disorder. Journal of Consulting and Clinical Psychology, 71(2), 309‐319. Retrieved from https://www.cochranelibrary.com/central/doi/10.1002/central/CN-00431425/full"
"94";"Stanley, 2016";"cbt";"wl";NA;NA;"""Calmer life""";"Enhanced Community Care";"PSYvsCTR";"msd";"co";"GAD";"GAD-7";"sr";"post";12;7,5;"5.04";"19";"10.71";"5.54";"17";11,5;"5.0999999999999996";"20";12,3;"5.36";"20";NA;NA;NA;NA;"20";"20";"4";"3";NA;NA;NA;NA;NA;NA;NA;NA;NA;NA;NA;2016;"n";"ind";"ind / telephone";"12";"us";"old";"62.93";"95";"com";"gad";"old";"some concerns";"some concerns";"low risk";"low risk";"some concerns";"some concerns";0;2;0;"Stanley, M. A., Beck, J. G., Novy, D. M., Averill, P. M., Swann, A. C., & Diefenbach, G. J. (2003). Cognitive-behavioral treatment of late-life generalized anxiety disorder. Journal of Consulting and Clinical Psychology, 71(2), 309‐319. Retrieved from https://www.cochranelibrary.com/central/doi/10.1002/central/CN-00431425/full"
"95";"Stanley, 2016";"cbt";"wl";NA;NA;"""Calmer life""";"Enhanced Community Care";"PSYvsCTR";"msd";"co";"worry";"PSWQ-A";"sr";"post";12;24,44;"5.45";"19";"27.76";"7.85";"17";27,15;"7.46";"20";30,8;"4.5599999999999996";"20";NA;NA;NA;NA;"20";"20";"4";"3";NA;NA;NA;NA;NA;NA;NA;NA;NA;NA;NA;2016;"n";"ind";"ind / telephone";"12";"us";"old";"62.93";"95";"com";"gad";"old";"some concerns";"some concerns";"low risk";"low risk";"some concerns";"some concerns";0;2;0;"Stanley, M. A., Beck, J. G., Novy, D. M., Averill, P. M., Swann, A. C., & Diefenbach, G. J. (2003). Cognitive-behavioral treatment of late-life generalized anxiety disorder. Journal of Consulting and Clinical Psychology, 71(2), 309‐319. Retrieved from https://www.cochranelibrary.com/central/doi/10.1002/central/CN-00431425/full"
"96";"Stanley, 2009";"cbt";"cau";NA;NA;NA;"Enhanced usual care";"PSYvsCTR";"msd";"itt";"GAD";"GADSS";"cr";"post";12;8,6;"3.6";"65";"9.9";"4.5";"50";11,4;"3.6";"70";11,3;"3.4";"64";NA;NA;NA;NA;"70";"64";"5";"14";NA;NA;NA;NA;NA;NA;NA;NA;NA;NA;NA;2009;"n";"ind";"ind";"10";"us";"old";"66.900000000000006";"78.400000000000006";"com";"gad";"old";"low risk";"low risk";"low risk";"low risk";"low risk";"low risk";1;2;0;"Stanley, M. A., Beck, J. G., Novy, D. M., Averill, P. M., Swann, A. C., & Diefenbach, G. J. (2003). Cognitive-behavioral treatment of late-life generalized anxiety disorder. Journal of Consulting and Clinical Psychology, 71(2), 309‐319. Retrieved from https://www.cochranelibrary.com/central/doi/10.1002/central/CN-00431425/full"
"97";"Stanley, 2009";"cbt";"cau";NA;NA;NA;"Enhanced usual care";"PSYvsCTR";"msd";"itt";"worry";"PSWQ";"sr";"post";12;45,6;"8.9";"65";"54.4";"10.6";"50";53,3;"10.6";"70";57,6;"10.9";"64";NA;NA;NA;NA;"70";"64";"5";"14";NA;NA;NA;NA;NA;NA;NA;NA;NA;NA;NA;2009;"n";"ind";"ind";"10";"us";"old";"66.900000000000006";"78.400000000000006";"com";"gad";"old";"low risk";"low risk";"low risk";"low risk";"low risk";"low risk";1;2;0;"Stanley, M. A., Beck, J. G., Novy, D. M., Averill, P. M., Swann, A. C., & Diefenbach, G. J. (2003). Cognitive-behavioral treatment of late-life generalized anxiety disorder. Journal of Consulting and Clinical Psychology, 71(2), 309‐319. Retrieved from https://www.cochranelibrary.com/central/doi/10.1002/central/CN-00431425/full"
"98";"Titov, 2009";"cbt";"wl";NA;NA;"""worry programme""";NA;"PSYvsCTR";"msd";"co";"GAD";"GAD-7";"sr";"post";9;6,92;"4.4000000000000004";"24";"12.29";"4.26";"21";14,33;"4.5";"24";13,62;"3.51";"21";NA;NA;NA;NA;"25";"23";"5";"4";NA;NA;NA;NA;NA;NA;NA;NA;NA;NA;NA;2009;"n";"gsh";"internet guided self-help";"6";"au";"adul";"44";"76";"com";"gad";"adul";"low risk";"low risk";"low risk";"low risk";"low risk";"low risk";0;2;0;"Titov, N., Andrews, G., Robinson, E., Schwencke, G., Johnston, L., Solley, K., & Choi, I. (2009). Clinician-assisted Internet-based treatment is effective for generalized anxiety disorder: Randomized controlled trial. Australian and New Zealand Journal of Psychiatry, 43(10), 905-912. doi:10.1080/00048670903179269"
"99";"Titov, 2009";"cbt";"wl";NA;NA;"""worry programme""";NA;"PSYvsCTR";"msd";"co";"worry";"PSWQ";"sr";"post";9;56,75;"10.78";"24";"66.14";"8.6999999999999993";"21";66,13;"8.25";"24";66,33;"12.7";"21";NA;NA;NA;NA;"25";"23";"5";"4";NA;NA;NA;NA;NA;NA;NA;NA;NA;NA;NA;2009;"n";"gsh";"internet guided self-help";"6";"au";"adul";"44";"76";"com";"gad";"adul";"low risk";"low risk";"low risk";"low risk";"low risk";"low risk";0;2;0;"Titov, N., Andrews, G., Robinson, E., Schwencke, G., Johnston, L., Solley, K., & Choi, I. (2009). Clinician-assisted Internet-based treatment is effective for generalized anxiety disorder: Randomized controlled trial. Australian and New Zealand Journal of Psychiatry, 43(10), 905-912. doi:10.1080/00048670903179269"
"100";"Titov 2010";"cbt";"wl";NA;NA;NA;NA;"PSYvsCTR";"msd";"itt";"worry";"PSWQ";"sr";"post";8;60,94;"9.4";"18";"61.94";"11.16";"16";66,17;"8.77";"18";65,19;"9.7799999999999994";"16";NA;NA;NA;NA;"18";"16";"NR";"NR";NA;NA;NA;NA;NA;NA;NA;NA;NA;NA;NA;2010;"n";"gsh";"internet guided self-help";"6";"au";"adul";"NR";"NR";"com";"gad";"adul";"low risk";"low risk";"low risk";"low risk";"low risk";"low risk";1;2;0;"Titov, N., Andrews, G., Johnston, L., Robinson, E., & Spence, J. (2010). Transdiagnostic Internet treatment for anxiety disorders: A randomized controlled trial. Behaviour research and therapy, 48(9), 890-899."
"101";"Van der Heiden, 2012";"3rd";"wl";"3rd";"wl";"metacognitive therapy";NA;"PSYvsCTR";"msd";"itt";"worry";"PSWQ";"sr";"post";14;48,7;"16.100000000000001";"54";"65.05";"11.7";"20";68,66;"6.72";"54";65,45;"11.35";"20";NA;NA;NA;NA;"54";"20";"16";"1";NA;NA;NA;NA;NA;NA;NA;NA;NA;NA;NA;2012;"n";"ind";"ind";"14";"eu";"adul";"35";"73";"clin";"gad";"adul";"some concerns";"low risk";"low risk";"low risk";"low risk";"some concerns";1;3;1;"van der Heiden, C., Muris, P., & van der Molen, H. T. (2012). Randomized controlled trial on the effectiveness of metacognitive therapy and intolerance-of-uncertainty therapy for generalized anxiety disorder. Behav Res Ther, 50(2), 100-109. doi:10.1016/j.brat.2011.12.005"
"102";"Van der Heiden, 2012";"cbt";"wl";"cbt";"wl";"Intolerance-of-uncertainty therapy";NA;"PSYvsCTR";"msd";"itt";"worry";"PSWQ";"sr";"post";14;56,26;"11.3";"52";"65.05";"11.7";"20";66,98;"8.34";"52";65,45;"11.35";"20";NA;NA;NA;NA;"52";"20";"15";"1";NA;NA;NA;NA;NA;NA;NA;NA;NA;NA;NA;2012;"n";"ind";"ind";"14";"eu";"adul";"35";"73";"clin";"gad";"adul";"some concerns";"low risk";"low risk";"low risk";"low risk";"some concerns";1;3;1;"van der Heiden, C., Muris, P., & van der Molen, H. T. (2012). Randomized controlled trial on the effectiveness of metacognitive therapy and intolerance-of-uncertainty therapy for generalized anxiety disorder. Behav Res Ther, 50(2), 100-109. doi:10.1016/j.brat.2011.12.005"
"103";"Van der Heiden, 2012";"3rd";"wl";"3rd";"wl";"metacognitive therapy";NA;"PSYvsCTR";"msd";"itt";"gen anx";"STAI-T";"sr";"post";14;44,82;"14.05";"54";"51.6";"12.35";"20";61,1;"8.01";"54";54,26;"11.85";"20";NA;NA;NA;NA;"54";"20";"16";"1";NA;NA;NA;NA;NA;NA;NA;NA;NA;NA;NA;2012;"n";"ind";"ind";"14";"eu";"adul";"35";"73";"clin";"gad";"adul";"some concerns";"low risk";"low risk";"low risk";"low risk";"some concerns";1;3;1;"van der Heiden, C., Muris, P., & van der Molen, H. T. (2012). Randomized controlled trial on the effectiveness of metacognitive therapy and intolerance-of-uncertainty therapy for generalized anxiety disorder. Behav Res Ther, 50(2), 100-109. doi:10.1016/j.brat.2011.12.005"
"104";"Van der Heiden, 2012";"cbt";"wl";"cbt";"wl";"Intolerance-of-uncertainty therapy";NA;"PSYvsCTR";"msd";"itt";"gen anx";"STAI-T";"sr";"post";14;48,48;"12.63";"52";"51.6";"12.35";"20";59,2;"8.76";"52";54,26;"11.85";"20";NA;NA;NA;NA;"52";"20";"15";"1";NA;NA;NA;NA;NA;NA;NA;NA;NA;NA;NA;2012;"n";"ind";"ind";"14";"eu";"adul";"35";"73";"clin";"gad";"adul";"some concerns";"low risk";"low risk";"low risk";"low risk";"some concerns";1;3;1;"van der Heiden, C., Muris, P., & van der Molen, H. T. (2012). Randomized controlled trial on the effectiveness of metacognitive therapy and intolerance-of-uncertainty therapy for generalized anxiety disorder. Behav Res Ther, 50(2), 100-109. doi:10.1016/j.brat.2011.12.005"
"105";"Van der Heiden, 2012";"3rd";"wl";"3rd";"wl";"metacognitive therapy";NA;"PSYvsCTR";"msd";"itt";"global clin";"SCL-90";"sr";"post";14;145,48;"52.24";"54";"178.15";"66.42";"20";209,15;"53.87";"54";179,05;"63.69";"20";NA;NA;NA;NA;"54";"20";"16";"1";NA;NA;NA;NA;NA;NA;NA;NA;NA;NA;NA;2012;"n";"ind";"ind";"14";"eu";"adul";"35";"73";"clin";"gad";"adul";"some concerns";"low risk";"low risk";"low risk";"low risk";"some concerns";1;3;1;"van der Heiden, C., Muris, P., & van der Molen, H. T. (2012). Randomized controlled trial on the effectiveness of metacognitive therapy and intolerance-of-uncertainty therapy for generalized anxiety disorder. Behav Res Ther, 50(2), 100-109. doi:10.1016/j.brat.2011.12.005"
"106";"Van der Heiden, 2012";"cbt";"wl";"cbt";"wl";"Intolerance-of-uncertainty therapy";NA;"PSYvsCTR";"msd";"itt";"global clin";"SCL-90";"sr";"post";14;165;"60.99";"52";"178.15";"66.42";"20";203,64;"57.45";"52";179,05;"63.69";"20";NA;NA;NA;NA;"52";"20";"15";"1";NA;NA;NA;NA;NA;NA;NA;NA;NA;NA;NA;2012;"n";"ind";"ind";"14";"eu";"adul";"35";"73";"clin";"gad";"adul";"some concerns";"low risk";"low risk";"low risk";"low risk";"some concerns";1;3;1;"van der Heiden, C., Muris, P., & van der Molen, H. T. (2012). Randomized controlled trial on the effectiveness of metacognitive therapy and intolerance-of-uncertainty therapy for generalized anxiety disorder. Behav Res Ther, 50(2), 100-109. doi:10.1016/j.brat.2011.12.005"
"107";"Vera, 2021";"3rd";"cau";"3rd";"cau";"Acceptance-based behavior therapy";NA;"PSYvsCTR";"msd";"co";"worry";"PSWQ";"sr";"post";28;45,95;"17";"21";"59.93";"15.43";"29";66,73;"6.66";"30";66,67;"5.91";"30";NA;NA;NA;NA;"30";"30";"8";"3";NA;NA;NA;NA;NA;NA;NA;NA;NA;NA;NA;2021;"n";"ind";"ind";"9";"oth";"adul";"41";"87";"clin";"gad";"adul";"low risk";"high risk";"high risk";"low risk";"some concerns";"high risk";0;3;1;"Vera, M., Obén, A., Juarbe, D., Hernández, N., & Pérez-Pedrogo, C. (2021). Randomized pilot trial of cognitive-behavioral therapy and acceptance-based behavioral therapy in the treatment of Spanish-speaking Latino primary care patients with generalized anxiety disorder. Journal of Behavioral and Cognitive Therapy, 31(2), 91-103. doi:10.1016/j.jbct.2020.11.007"
"108";"Vera, 2021";"cbt";"cau";"cbt";"cau";NA;NA;"PSYvsCTR";"msd";"co";"worry";"PSWQ";"sr";"post";28;48,27;"16.34";"26";"59.93";"15.43";"29";67,76;"7.22";"29";66,67;"5.91";"30";NA;NA;NA;NA;"30";"30";"8";"3";NA;NA;NA;NA;NA;NA;NA;NA;NA;NA;NA;2021;"n";"ind";"ind";"9";"oth";"adul";"41";"87";"clin";"gad";"adul";"low risk";"high risk";"high risk";"low risk";"some concerns";"high risk";0;3;1;"Vera, M., Obén, A., Juarbe, D., Hernández, N., & Pérez-Pedrogo, C. (2021). Randomized pilot trial of cognitive-behavioral therapy and acceptance-based behavioral therapy in the treatment of Spanish-speaking Latino primary care patients with generalized anxiety disorder. Journal of Behavioral and Cognitive Therapy, 31(2), 91-103. doi:10.1016/j.jbct.2020.11.007"
"109";"Vera, 2021";"3rd";"cau";"3rd";"cau";"Acceptance-based behavior therapy";NA;"PSYvsCTR";"msd";"co";"gen anx";"DASANX";"sr";"post";28;11,81;"10.61";"21";"13.59";"10.09";"29";22,6;"9.5";"30";18,33;"10.23";"30";NA;NA;NA;NA;"30";"30";"8";"3";NA;NA;NA;NA;NA;NA;NA;NA;NA;NA;NA;2021;"n";"ind";"ind";"9";"oth";"adul";"41";"87";"clin";"gad";"adul";"low risk";"high risk";"high risk";"low risk";"some concerns";"high risk";0;3;1;"Vera, M., Obén, A., Juarbe, D., Hernández, N., & Pérez-Pedrogo, C. (2021). Randomized pilot trial of cognitive-behavioral therapy and acceptance-based behavioral therapy in the treatment of Spanish-speaking Latino primary care patients with generalized anxiety disorder. Journal of Behavioral and Cognitive Therapy, 31(2), 91-103. doi:10.1016/j.jbct.2020.11.007"
"110";"Vera, 2021";"cbt";"cau";"cbt";"cau";NA;NA;"PSYvsCTR";"msd";"co";"gen anx";"DASANX";"sr";"post";28;14,15;"12.35";"26";"13.59";"10.09";"29";26,67;"11.91";"30";18,33;"10.23";"30";NA;NA;NA;NA;"30";"30";"8";"3";NA;NA;NA;NA;NA;NA;NA;NA;NA;NA;NA;2021;"n";"ind";"ind";"9";"oth";"adul";"41";"87";"clin";"gad";"adul";"low risk";"high risk";"high risk";"low risk";"some concerns";"high risk";0;3;1;"Vera, M., Obén, A., Juarbe, D., Hernández, N., & Pérez-Pedrogo, C. (2021). Randomized pilot trial of cognitive-behavioral therapy and acceptance-based behavioral therapy in the treatment of Spanish-speaking Latino primary care patients with generalized anxiety disorder. Journal of Behavioral and Cognitive Therapy, 31(2), 91-103. doi:10.1016/j.jbct.2020.11.007"
"111";"Wetherell, 2003";"cbt";"wl";"cbt";"wl";NA;NA;"PSYvsCTR";"msd";"co";"gen anx";"HAMA";"cr";"post";12;11,2;"4.7";"18";"16";"7.2";"21";14,2;"4.9000000000000004";"18";16,1;"8.3000000000000007";"21";NA;NA;NA;NA;"26";"23";"8";"2";NA;NA;NA;NA;NA;NA;NA;NA;NA;NA;NA;2003;"n";"grp";"grp";"12";"us";"old";"67.099999999999994";"80";"clin";"gad";"old";"some concerns";"high risk";"high risk";"low risk";"some concerns";"high risk";0;3;1;"Wetherell, J. L., Gatz, M., & Craske, M. G. (2003). Treatment of generalized anxiety disorder in older adults. J Consult Clin Psychol, 71(1), 31-40. "
"112";"Wetherell, 2003";"sup";"wl";"other psy";"wl";"discussion group";NA;"PSYvsCTR";"msd";"co";"gen anx";"HAMA";"cr";"post";12;13;"8";"18";"16";"7.2";"21";16,6;"6.8";"18";16,1;"8.3000000000000007";"21";NA;NA;NA;NA;"26";"23";"8";"2";NA;NA;NA;NA;NA;NA;NA;NA;NA;NA;NA;2003;"n";"grp";"grp";"12";"us";"old";"67.099999999999994";"80";"clin";"gad";"old";"some concerns";"high risk";"high risk";"low risk";"some concerns";"high risk";0;3;1;"Wetherell, J. L., Gatz, M., & Craske, M. G. (2003). Treatment of generalized anxiety disorder in older adults. J Consult Clin Psychol, 71(1), 31-40. "
"113";"Wetherell, 2003";"cbt";"wl";"cbt";"wl";NA;NA;"PSYvsCTR";"msd";"co";"worry";"PSWQ";"sr";"post";12;58,1;"14";"18";"65.7";"9.6999999999999993";"21";63,6;"10.3";"18";63,9;"11.3";"21";NA;NA;NA;NA;"26";"23";"8";"2";NA;NA;NA;NA;NA;NA;NA;NA;NA;NA;NA;2003;"n";"grp";"grp";"12";"us";"old";"67.099999999999994";"80";"clin";"gad";"old";"some concerns";"high risk";"high risk";"low risk";"some concerns";"high risk";0;3;1;"Wetherell, J. L., Gatz, M., & Craske, M. G. (2003). Treatment of generalized anxiety disorder in older adults. J Consult Clin Psychol, 71(1), 31-40. "
"114";"Wetherell, 2003";"sup";"wl";"other psy";"wl";"discussion group";NA;"PSYvsCTR";"msd";"co";"worry";"PSWQ";"sr";"post";12;60,1;"8.8000000000000007";"18";"65.7";"9.6999999999999993";"21";65,6;"7.7";"18";63,9;"11.3";"21";NA;NA;NA;NA;"26";"23";"8";"2";NA;NA;NA;NA;NA;NA;NA;NA;NA;NA;NA;2003;"n";"grp";"grp";"12";"us";"old";"67.099999999999994";"80";"clin";"gad";"old";"some concerns";"high risk";"high risk";"low risk";"some concerns";"high risk";0;3;1;"Wetherell, J. L., Gatz, M., & Craske, M. G. (2003). Treatment of generalized anxiety disorder in older adults. J Consult Clin Psychol, 71(1), 31-40. "
"115";"Wong, 2016";"3rd";"cau";"3rd";"cau";"mindfulness-based cognitive therapy (MBCT)";NA;"PSYvsCTR";"msd";"itt";"gen anx";"BAI";"sr";"post";8;26,31;"11.86";"61";"32.75";"12.13";"56";31,58;"10.220000000000001";"61";33,14;"10.08";"56";NA;NA;NA;NA;"61";"60";"6";"12";NA;NA;NA;NA;NA;NA;NA;NA;NA;NA;NA;2016;"n";"grp";"grp";"8";"eas";"adul";"50";"79";"clin";"gad";"adul";"low risk";"some concerns";"some concerns";"low risk";"low risk";"some concerns";1;3;1;"Wong, S. Y., Yip, B. H., Mak, W. W., Mercer, S., Cheung, E. Y., Ling, C. Y., . . . Ma, H. S. (2016). Mindfulness-based cognitive therapy v. group psychoeducation for people with generalised anxiety disorder: randomised controlled trial. Br J Psychiatry, 209(1), 68-75. doi:10.1192/bjp.bp.115.166124"
"116";"Wong, 2016";"pe";"cau";"pe";"cau";"psychoeducation";NA;"PSYvsCTR";"msd";"itt";"gen anx";"BAI";"sr";"post";8;25,02;"12.02";"61";"32.75";"12.13";"56";30,45;"4.8099999999999996";"61";33,14;"10.08";"56";NA;NA;NA;NA;"61";"60";"7";"12";NA;NA;NA;NA;NA;NA;NA;NA;NA;NA;NA;2016;"n";"grp";"grp";"8";"eas";"adul";"50";"79";"clin";"gad";"adul";"low risk";"some concerns";"some concerns";"low risk";"low risk";"some concerns";1;3;1;"Wong, S. Y., Yip, B. H., Mak, W. W., Mercer, S., Cheung, E. Y., Ling, C. Y., . . . Ma, H. S. (2016). Mindfulness-based cognitive therapy v. group psychoeducation for people with generalised anxiety disorder: randomised controlled trial. Br J Psychiatry, 209(1), 68-75. doi:10.1192/bjp.bp.115.166124"
"117";"Wong, 2016";"3rd";"cau";"3rd";"cau";"mindfulness-based cognitive therapy (MBCT)";NA;"PSYvsCTR";"msd";"itt";"worry";"PSWQ";"sr";"post";8;58,36;"10.77";"61";"61.63";"11.05";"56";61,18;"9.6";"61";62,67;"9.67";"56";NA;NA;NA;NA;"61";"60";"6";"12";NA;NA;NA;NA;NA;NA;NA;NA;NA;NA;NA;2016;"n";"grp";"grp";"8";"eas";"adul";"50";"79";"clin";"gad";"adul";"low risk";"some concerns";"some concerns";"low risk";"low risk";"some concerns";1;3;1;"Wong, S. Y., Yip, B. H., Mak, W. W., Mercer, S., Cheung, E. Y., Ling, C. Y., . . . Ma, H. S. (2016). Mindfulness-based cognitive therapy v. group psychoeducation for people with generalised anxiety disorder: randomised controlled trial. Br J Psychiatry, 209(1), 68-75. doi:10.1192/bjp.bp.115.166124"
"118";"Wong, 2016";"pe";"cau";"pe";"cau";"psychoeducation";NA;"PSYvsCTR";"msd";"itt";"worry";"PSWQ";"sr";"post";8;54,95;"10.69";"61";"61.63";"11.05";"56";59,66;"10.11";"61";62,67;"9.67";"56";NA;NA;NA;NA;"61";"60";"7";"12";NA;NA;NA;NA;NA;NA;NA;NA;NA;NA;NA;2016;"n";"grp";"grp";"8";"eas";"adul";"50";"79";"clin";"gad";"adul";"low risk";"some concerns";"some concerns";"low risk";"low risk";"some concerns";1;3;1;"Wong, S. Y., Yip, B. H., Mak, W. W., Mercer, S., Cheung, E. Y., Ling, C. Y., . . . Ma, H. S. (2016). Mindfulness-based cognitive therapy v. group psychoeducation for people with generalised anxiety disorder: randomised controlled trial. Br J Psychiatry, 209(1), 68-75. doi:10.1192/bjp.bp.115.166124"
"119";"Woodward, 1980";"cr";"cau";"ct";"other ctr";NA;"no treatment";"PSYvsCTR";"msd";"co";"gen anx";"Zung";"sr";"post";8;42,1;"11.2";"7";"43.3";"4.4000000000000004";"7";47,4;"13.6";"7";45,6;"11.2";"7";NA;NA;NA;NA;"7";"7";"0";"0";NA;NA;NA;NA;NA;NA;NA;NA;NA;NA;NA;1980;"n";"grp";"grp";"8";"uk";"adul";"40.299999999999997";"59.25";"clin";"gad";"adul";"some concerns";"some concerns";"low risk";"low risk";"some concerns";"some concerns";0;4;1;"Woodward, R., & Jones, R. B. (1980). Cognitive restructuring treatment: a controlled trial with anxious patients. Behaviour Research and Therapy, 18(5), 401‐407. Retrieved from https://www.cochranelibrary.com/central/doi/10.1002/central/CN-00178686/full"
"120";"Woodward, 1980";"ar";"cau";"ar";"other ctr";"modified systematic desensitization";"no treatment";"PSYvsCTR";"msd";"co";"gen anx";"Zung";"sr";"post";8;38,7;"6.7";"7";"43.3";"4.4000000000000004";"7";46,3;"8.73";"7";45,6;"11.2";"7";NA;NA;NA;NA;"7";"7";"0";"0";NA;NA;NA;NA;NA;NA;NA;NA;NA;NA;NA;1980;"n";"grp";"grp";"8";"uk";"adul";"40.299999999999997";"59.25";"clin";"gad";"adul";"some concerns";"some concerns";"low risk";"low risk";"some concerns";"some concerns";0;4;1;"Woodward, R., & Jones, R. B. (1980). Cognitive restructuring treatment: a controlled trial with anxious patients. Behaviour Research and Therapy, 18(5), 401‐407. Retrieved from https://www.cochranelibrary.com/central/doi/10.1002/central/CN-00178686/full"
"121";"Woodward, 1980";"cbt";"cau";"cbt";"other ctr";"ct+ar";"no treatment";"PSYvsCTR";"msd";"co";"gen anx";"Zung";"sr";"post";8;37,3;"7.5";"6";"43.3";"4.4000000000000004";"7";46,2;"5.3";"6";45,6;"11.2";"7";NA;NA;NA;NA;"6";"7";"0";"0";NA;NA;NA;NA;NA;NA;NA;NA;NA;NA;NA;1980;"n";"grp";"grp";"8";"uk";"adul";"40.299999999999997";"59.25";"clin";"gad";"adul";"some concerns";"some concerns";"low risk";"low risk";"some concerns";"some concerns";0;4;1;"Woodward, R., & Jones, R. B. (1980). Cognitive restructuring treatment: a controlled trial with anxious patients. Behaviour Research and Therapy, 18(5), 401‐407. Retrieved from https://www.cochranelibrary.com/central/doi/10.1002/central/CN-00178686/full"
"122";"Zargar, 2012";"3rd";"cau";NA;NA;NA;"no treatment";"PSYvsCTR";"msd";"co";"GAD";"GAD-7";"sr";"post";12;4,66;"2.73";"9";"8.8800000000000008";"6.99";"9";11,22;"3.93";"9";10,66;"5.7";"9";NA;NA;NA;NA;"12";"12";"3";"3";NA;NA;NA;NA;NA;NA;NA;NA;NA;NA;NA;2012;"n";"ind";"ind";"12";"oth";"adul";"33";"100";"clin";"gad";"adul";"some concerns";"high risk";"high risk";"low risk";"some concerns";"high risk";0;2;0;"Zargar, F., Farid, A. A. A., Atef-Vahid, M., Afshar, H., Maroofi, M., & Omranifard, V. (2012). Effect of acceptance-based behavior therapy on severity of symptoms, worry and quality of life in women with generalized anxiety disorder. Iranian Journal of Psychiatry and Behavioral Sciences, 6(2), 23-32. Retrieved from http://www.embase.com/search/results?subaction=viewrecord&from=export&id=L368838694"
"123";"Zargar, 2012";"3rd";"cau";NA;NA;NA;"no treatment";"PSYvsCTR";"msd";"co";"worry";"PSWQ";"sr";"post";12;45,22;"10.75";"9";"47.85";"12.35";"9";39,14;"3.45";"9";40,31;"3.08";"9";NA;NA;NA;NA;"12";"12";"3";"3";NA;NA;NA;NA;NA;NA;NA;NA;NA;NA;NA;2012;"n";"ind";"ind";"12";"oth";"adul";"33";"100";"clin";"gad";"adul";"some concerns";"high risk";"high risk";"low risk";"some concerns";"high risk";0;2;0;"Zargar, F., Farid, A. A. A., Atef-Vahid, M., Afshar, H., Maroofi, M., & Omranifard, V. (2012). Effect of acceptance-based behavior therapy on severity of symptoms, worry and quality of life in women with generalized anxiety disorder. Iranian Journal of Psychiatry and Behavioral Sciences, 6(2), 23-32. Retrieved from http://www.embase.com/search/results?subaction=viewrecord&from=export&id=L368838694"
"124";"Zinbarg, 2007";"cbt";"wl";NA;NA;NA;NA;"PSYvsCTR";"msd";"co";"GAD";"CSR GAD (SCID)";"cr";"post";16;2,38;"1.77";"8";"5.0999999999999996";"1.05";"10";5,25;"0.89";"8";5;"1.05";"10";NA;NA;NA;NA;"9";"10";"1";"0";NA;NA;NA;NA;NA;NA;NA;NA;NA;NA;NA;2007;"n";"ind";"ind";"12";"us";"adul";"41.94";"63.15";"com";"gad";"adul";"some concerns";"some concerns";"low risk";"low risk";"some concerns";"some concerns";0;2;0;"Zinbarg, R. E., Lee, J. E., & Yoon, K. L. (2007). Dyadic predictors of outcome in a cognitive-behavioral program for patients with generalized anxiety disorder in committed relationships: a ""spoonful of sugar"" and a dose of non-hostile criticism may help. Behav Res Ther, 45(4), 699-713. doi:10.1016/j.brat.2006.06.005"
"125";"Zinbarg, 2007";"cbt";"wl";NA;NA;NA;NA;"PSYvsCTR";"msd";"co";"worry";"PSWQ";"sr";"post";16;52,6;"9.7100000000000009";"8";"68.7";"6.82";"10";69,83;"10.55";"8";71;"5.58";"10";NA;NA;NA;NA;"9";"10";"1";"0";NA;NA;NA;NA;NA;NA;NA;NA;NA;NA;NA;2007;"n";"ind";"ind";"12";"us";"adul";"41.94";"63.15";"com";"gad";"adul";"some concerns";"some concerns";"low risk";"low risk";"some concerns";"some concerns";0;2;0;"Zinbarg, R. E., Lee, J. E., & Yoon, K. L. (2007). Dyadic predictors of outcome in a cognitive-behavioral program for patients with generalized anxiety disorder in committed relationships: a ""spoonful of sugar"" and a dose of non-hostile criticism may help. Behav Res Ther, 45(4), 699-713. doi:10.1016/j.brat.2006.06.005"
"126";"Zinbarg, 2007";"cbt";"wl";NA;NA;NA;NA;"PSYvsCTR";"msd";"co";"gen anx";"BAI";"sr";"post";16;12,92;"8.06";"8";"15.6";"5.76";"10";25,33;"14.81";"8";17,4;"7.32";"10";NA;NA;NA;NA;"9";"10";"1";"0";NA;NA;NA;NA;NA;NA;NA;NA;NA;NA;NA;2007;"n";"ind";"ind";"12";"us";"adul";"41.94";"63.15";"com";"gad";"adul";"some concerns";"some concerns";"low risk";"low risk";"some concerns";"some concerns";0;2;0;"Zinbarg, R. E., Lee, J. E., & Yoon, K. L. (2007). Dyadic predictors of outcome in a cognitive-behavioral program for patients with generalized anxiety disorder in committed relationships: a ""spoonful of sugar"" and a dose of non-hostile criticism may help. Behav Res Ther, 45(4), 699-713. doi:10.1016/j.brat.2006.06.005"
